filename, helmet, no-helmet, no-vest, person, vest
ppe_1236_jpg.rf.e8a3fc7bee21d4a55601c40618e02596.jpg, 1, 0, 0, 1, 1
ppe_0906_jpg.rf.e7a592f3ff40d9f54020740c55ef043e.jpg, 1, 0, 0, 1, 1
ppe_0690_jpg.rf.e8d300acf6c63b9f3e41ae91fc54022e.jpg, 1, 0, 0, 1, 1
ppe_0249_jpg.rf.e87ff2c5ae64e7d90d3691f5c5ce2975.jpg, 1, 0, 1, 1, 0
ppe_0847_jpg.rf.e829972f10008c68e32c2b0a2a963f25.jpg, 1, 0, 1, 1, 0
ppe_1190_jpg.rf.e89f57e8ea2a791e1b28b2c3d0e07575.jpg, 0, 1, 0, 1, 1
ppe_1135_jpg.rf.eb7bc7852abef565a9619570ac99dec2.jpg, 1, 0, 0, 1, 0
ppe_0959_jpg.rf.e814ef782d8270e956560daa84f3b911.jpg, 1, 0, 1, 1, 0
ppe_1289_jpg.rf.e7c256e897343ce9a8a7859c2ff46422.jpg, 1, 0, 0, 1, 0
ppe_0608_jpg.rf.ec1f5ad28bd20e3232ce1da23df4493c.jpg, 1, 0, 1, 1, 0
ppe_0945_jpg.rf.e90fda31f0fa300d2cc7ccb94bd2d70b.jpg, 1, 0, 0, 1, 1
ppe_1241_jpg.rf.ec20f960c830dd4c4e14ad496423b9ef.jpg, 1, 0, 1, 1, 0
ppe_0695_jpg.rf.ec81dcce6df3bc81d01fab73031c8843.jpg, 1, 0, 0, 1, 0
ppe_1195_jpg.rf.ec08fe9771f484640ada964845115fff.jpg, 1, 0, 0, 1, 1
ppe_1226_jpg.rf.eca5c0769642ee0dcab9fb9a39ff214c.jpg, 1, 0, 1, 1, 0
ppe_1146_jpg.rf.e9aef493dfec6d3a29e8de749ba81eb4.jpg, 1, 0, 1, 1, 0
ppe_1282_jpg.rf.eb45f1c09db52a684aa7612db4d49e7a.jpg, 0, 0, 0, 1, 1
ppe_0940_jpg.rf.eb933497fbb3fd6e2b1957374b3606d8.jpg, 1, 0, 0, 1, 1
ppe_0758_jpg.rf.ecad47b88564dee1dd212d23dad51e67.jpg, 1, 0, 1, 1, 0
ppe_0495_jpg.rf.ef83bd043e516dbebf2a4283d1c026dc.jpg, 1, 0, 1, 1, 0
ppe_1207_jpg.rf.e92b17c048dc0bda66e231e6434809b4.jpg, 1, 0, 0, 1, 1
ppe_1186_jpg.rf.ec83a51a63d9696eadd3cc771a8a37ca.jpg, 1, 0, 0, 1, 1
ppe_1196_jpg.rf.e9dc46d6908adae798891d6019bfd1d5.jpg, 1, 0, 0, 1, 1
ppe_1071_jpg.rf.ed10bf9440d4b506ede9b7c3dc676878.jpg, 1, 0, 0, 1, 1
ppe_1007_jpg.rf.e9aaf76c79390174d744b5978055b2e5.jpg, 1, 0, 1, 1, 1
ppe_0789_jpg.rf.e97dc1ce88460d30eae960afdbc34a34.jpg, 1, 0, 1, 1, 0
ppe_0128_jpg.rf.ef752667360906f0304ca0d5548dc9ce.jpg, 1, 0, 1, 1, 0
ppe_0774_jpg.rf.efbb3fe0a6dda179518cbef866989d67.jpg, 1, 0, 0, 1, 1
ppe_0999_jpg.rf.ee79c2f94ee328256fa9886421863c5f.jpg, 1, 0, 0, 1, 0
ppe_0646_jpg.rf.eec971dd20212612ef9a7058e033679b.jpg, 1, 0, 0, 1, 1
ppe_0670_jpg.rf.e9564e9dd81f0bff241e97747bd21019.jpg, 1, 0, 0, 1, 0
ppe_0434_jpg.rf.f02ffdb71a21310754a8813ae3b5fe9f.jpg, 1, 0, 1, 1, 1
ppe_1205_jpg.rf.ef3bea0388ec708a76ee202890fc309f.jpg, 1, 0, 0, 1, 0
ppe_1013_jpg.rf.f1859d4e21e64283b02a6ce889dfe62b.jpg, 1, 0, 1, 1, 0
ppe_1110_jpg.rf.f18d5e7c1c5f29c9c7cd546b568b56c2.jpg, 1, 0, 1, 1, 0
ppe_0027_jpg.rf.f00d865b886638e65d22e96579ea5551.jpg, 1, 0, 0, 1, 1
ppe_0520_jpg.rf.f10d7428afce64dd2c762448ea37790d.jpg, 1, 0, 0, 1, 1
ppe_0172_jpg.rf.f17060c6fee5700cb42a1ff21652b15e.jpg, 1, 0, 0, 1, 1
ppe_0375_jpg.rf.f2d8aebab6ccd66c2235f53de610fbf3.jpg, 1, 1, 0, 1, 1
ppe_0678_jpg.rf.e9fc85059c3a7193c7c4cdcaf8c0a4be.jpg, 1, 0, 1, 1, 1
ppe_0192_jpg.rf.f25a5fbb446ff2c6735f646582ca670e.jpg, 1, 0, 0, 1, 1
ppe_0925_jpg.rf.f1dfd2c235cafbaaa0e02f762c058dcb.jpg, 1, 0, 1, 1, 0
ppe_0916_jpg.rf.f03a72737d305a0c37c975292c956337.jpg, 1, 0, 0, 1, 1
ppe_0911_jpg.rf.f1e86318dfb6d9a67c58f0c9d4e20f65.jpg, 1, 0, 0, 1, 0
ppe_0477_jpg.rf.f14cadeb3b32f90e2fbf871459f74c6c.jpg, 1, 0, 0, 1, 1
ppe_0698_jpg.rf.f27e5b8331968eeeea06c3ad11ddf39a.jpg, 1, 0, 1, 1, 1
ppe_1208_jpg.rf.f2da585cdb667ffff64ebc1408344f2d.jpg, 1, 1, 1, 1, 0
ppe_0597_jpg.rf.f244cad373e6fd73a7c44a8731f481c4.jpg, 1, 0, 1, 1, 0
ppe_1259_jpg.rf.f58166f32108368212791fb32f553725.jpg, 0, 0, 1, 1, 0
ppe_1279_jpg.rf.f34a9a2945594bfd4e94e58b622763dc.jpg, 1, 0, 1, 1, 0
ppe_0722_jpg.rf.f55b931ef87eb5d735bea819d62c14d9.jpg, 1, 0, 0, 1, 0
ppe_0148_jpg.rf.f5f440f1dd402a7ae1951e4856fad632.jpg, 1, 0, 0, 1, 1
ppe_1230_jpg.rf.f7aa58869c3213b080ea02d59cb4dc4d.jpg, 1, 0, 0, 1, 1
ppe_0144_jpg.rf.f48717cf302ac2188633487fc34b227c.jpg, 1, 0, 1, 1, 0
ppe_1229_jpg.rf.fbf4bc4bfcc8656e58470c845687c07b.jpg, 1, 0, 0, 1, 1
ppe_1020_jpg.rf.f2f3c293e78dfb268d6e599029501a25.jpg, 1, 0, 0, 1, 1
ppe_1118_jpg.rf.fc75b762c1252962e90f510da38d6e86.jpg, 1, 0, 1, 1, 0
ppe_0793_jpg.rf.fd26971af80ebf7137acd04f1df7e8a4.jpg, 1, 0, 1, 1, 0
ppe_0613_jpg.rf.f77e8adb60c1bde79a9e975e62b8b87c.jpg, 1, 0, 1, 1, 0
ppe_0176_jpg.rf.fcfd2d24ed461d12d38eb6e9a4e38fbb.jpg, 1, 0, 0, 1, 1
ppe_0275_jpg.rf.fd2c9727925808c102c8172b31dc8ea2.jpg, 1, 0, 1, 1, 0
ppe_0818_jpg.rf.fce051415f45925c68357b2a271b99da.jpg, 1, 0, 0, 1, 0
ppe_0155_jpg.rf.f789ad153b16bcbdee2af23a1129878a.jpg, 1, 0, 0, 1, 1
ppe_1290_jpg.rf.fd4b78ba90ad50abd53def116509647f.jpg, 1, 0, 0, 1, 0
ppe_1248_jpg.rf.f98c92f155d9750cd8b743fda4de50b1.jpg, 0, 0, 1, 1, 0
ppe_0853_jpg.rf.fb275435bebb9216559c63bb5ff741f9.jpg, 1, 0, 1, 1, 0
ppe_1269_jpg.rf.f7c974d4a9a48b70cf911d02f1805492.jpg, 1, 0, 1, 1, 0
ppe_1228_jpg.rf.fb9b82bff67f3b3d5e9b00f7913a8cef.jpg, 1, 0, 1, 1, 0
ppe_0436_jpg.rf.faa435d5916745155d468cb2ab0e36f8.jpg, 1, 0, 1, 1, 0
ppe_1133_jpg.rf.f6c6cb663618841ee23438905d073d35.jpg, 1, 0, 1, 1, 0
ppe_0002_jpg.rf.f918598dffa5f596fd6fe09a8db7208b.jpg, 1, 0, 0, 1, 1
ppe_0252_jpg.rf.f7fd7038b061603363799274a111452c.jpg, 1, 0, 0, 1, 1
ppe_0085_jpg.rf.fd56923e54e577ffd32e9119e94c85d4.jpg, 0, 1, 1, 1, 0
ppe_0947_jpg.rf.f873b0c5e956a7f2922b483121f8a3f5.jpg, 1, 0, 1, 1, 0
ppe_0723_jpg.rf.fa2679f2d5c55b91cc9c10758a3c2ba4.jpg, 1, 0, 0, 1, 1
ppe_0641_jpg.rf.f8c5c70ca420a7cd3ec03110123107d1.jpg, 1, 1, 1, 1, 1
ppe_0355_jpg.rf.fe7d365d4aaf474db1973dc7ef91cf59.jpg, 1, 0, 0, 1, 1
ppe_1117_jpg.rf.f9fdeb3656800c511ea3358643e15f1e.jpg, 1, 0, 1, 1, 0
ppe_0586_jpg.rf.fa132534a9a7d5bd4638fb90f7e44517.jpg, 1, 0, 1, 1, 0
ppe_1315_jpg.rf.fee1f2d3a3b5e0d8c2a28a4bc1194120.jpg, 1, 0, 0, 1, 0
ppe_1056_jpg.rf.ffa6d9bda1045ddda801d6ccc727a116.jpg, 1, 0, 0, 1, 1
ppe_0732_jpg.rf.fe24a0c60a0f09586b951188660ac054.jpg, 1, 0, 0, 1, 1
ppe_0049_jpg.rf.f7f867ee9d3062401785d526fad26958.jpg, 1, 0, 0, 1, 1
ppe_0325_jpg.rf.fdb0c9b294669f2417d45de16f1558f8.jpg, 1, 1, 1, 1, 0
ppe_0510_jpg.rf.fa418d4a6f578fdc8f96b2a02aa90d44.jpg, 1, 0, 0, 1, 1
ppe_1145_jpg.rf.fdf5d6d610e83dd8fcd2179e7893fd6f.jpg, 1, 0, 1, 1, 0
ppe_1155_jpg.rf.fd771ae7aaeecf1283f9952a760a404d.jpg, 0, 0, 0, 1, 0
ppe_1161_jpg.rf.2b76ed0fa7cb9373072b32980eb0cc39.jpg, 1, 0, 1, 1, 0
ppe_0012_jpg.rf.2d2d2459c9fa20da94a846722217c6bd.jpg, 1, 0, 0, 1, 1
ppe_1128_jpg.rf.2ce750c829dfb37ab0a8c770995df1e5.jpg, 1, 0, 1, 1, 0
ppe_1314_jpg.rf.2b7b87ae32fda709ab689c3d2e64458c.jpg, 1, 0, 1, 1, 0
ppe_0040_jpg.rf.2e8b51bf9c330fc30af598bb44845221.jpg, 1, 0, 1, 1, 0
ppe_0313_jpg.rf.2ee3a2d534f9b4dfc4e093904f6a1fd5.jpg, 1, 0, 1, 1, 0
ppe_0335_jpg.rf.2c8b4325c61a5885c016d06e0655ad3b.jpg, 1, 0, 1, 1, 0
ppe_0817_jpg.rf.2eaac7079d70ea75de624f6c2d802e1b.jpg, 1, 0, 0, 1, 1
ppe_0295_jpg.rf.2cd96308af43931aaf01da46fde69e17.jpg, 1, 0, 1, 1, 0
ppe_0389_jpg.rf.2bbd2ec801205599d91a4434d4bdd159.jpg, 1, 0, 1, 1, 0
ppe_0501_jpg.rf.2f58d6a363af7f7c3e18448d5dd089d2.jpg, 1, 0, 0, 1, 1
ppe_0045_jpg.rf.319fa83fcf057d6d7acb87b2ff595276.jpg, 1, 0, 1, 1, 0
ppe_0378_jpg.rf.31b8d9bd2fc05771b6761bfd1d9221d2.jpg, 1, 0, 0, 1, 1
ppe_0185_jpg.rf.31bf0c88435dbc7b7b5f72da1c8b8dd2.jpg, 1, 0, 0, 1, 1
ppe_0839_jpg.rf.31d235aa21eb1c3acf21d8ca8a114aa0.jpg, 1, 0, 0, 1, 1
ppe_0679_jpg.rf.2f340bcf2be5024d67c2baf7bec13e01.jpg, 1, 0, 0, 1, 1
ppe_0750_jpg.rf.2d0fcf3a4b9bffaea37d32841f6aa3fd.jpg, 1, 1, 0, 1, 1
ppe_0797_jpg.rf.2fcb6a66108d4e5057491d997d5de9f7.jpg, 1, 0, 1, 1, 0
ppe_0869_jpg.rf.326816ba428e3685c2d8e8c4d5698069.jpg, 1, 0, 1, 1, 1
ppe_0336_jpg.rf.3299fedbc7c5792831047cffe2156bc2.jpg, 1, 0, 0, 1, 1
ppe_0788_jpg.rf.32d5d7b00ebedf2449c69370c7a531d8.jpg, 1, 0, 0, 1, 1
ppe_0967_jpg.rf.33437ca7a3c06d37f34e12413a3a5093.jpg, 0, 0, 0, 1, 0
ppe_1185_jpg.rf.3058c0ab58f2de1a27e7427ae12fa214.jpg, 1, 0, 0, 1, 1
ppe_1005_jpg.rf.301b2982d91b33474934f30802d84531.jpg, 1, 0, 1, 1, 0
ppe_0688_jpg.rf.333f51f8b6bbbbbfdc9514012c15ab58.jpg, 1, 0, 0, 1, 1
ppe_0276_jpg.rf.341221b72ba50edd53efdc335bb74c92.jpg, 1, 0, 1, 1, 0
ppe_0446_jpg.rf.35748df0dac297f381d3e13e49a2b9a6.jpg, 1, 0, 0, 1, 1
ppe_0026_jpg.rf.338ee2d183f0da32495a2879bfc7af55.jpg, 1, 0, 0, 1, 1
ppe_0099_jpg.rf.351844d1c8102588616d99a7a281f9f6.jpg, 1, 0, 0, 1, 1
ppe_1293_jpg.rf.3397eab8d0ed6f9474fe517328a596f3.jpg, 1, 0, 0, 1, 1
ppe_1197_jpg.rf.361d68b976c0cd36d132472cd047cebe.jpg, 0, 0, 0, 1, 1
ppe_0333_jpg.rf.36a3c0a101a60db9f4fa5701e33e5f15.jpg, 1, 0, 0, 1, 1
ppe_0475_jpg.rf.33b713b51c7813f8027f46c39d206ba0.jpg, 1, 0, 0, 1, 1
ppe_0537_jpg.rf.367a270a7c9dcfd3208eff5e952c0c74.jpg, 1, 0, 0, 1, 1
ppe_0138_jpg.rf.363238730e1e0c3fdbfa12798a60d815.jpg, 1, 0, 0, 1, 1
ppe_1252_jpg.rf.35470c0a729e60407b42d585f3baca9a.jpg, 0, 0, 0, 1, 1
ppe_0728_jpg.rf.349aa03c30a242aac186997ee8327daf.jpg, 1, 0, 0, 1, 1
ppe_0861_jpg.rf.37a73c3e96751e04343929a9bb9a2aa9.jpg, 1, 0, 0, 1, 1
ppe_0930_jpg.rf.378d2692c7782d830ff2996e5050e658.jpg, 1, 0, 1, 1, 0
ppe_1308_jpg.rf.3743279ced56b078c13eb53ca1d6af6a.jpg, 1, 0, 1, 1, 0
ppe_0584_jpg.rf.36d7ccb5f2c0c2b2bcf0bf07ab875a41.jpg, 1, 0, 1, 1, 0
ppe_0953_jpg.rf.372c1c32302a2e18649045ac438af2e8.jpg, 1, 0, 1, 1, 0
ppe_0250_jpg.rf.348d493439464194875763beb27f197b.jpg, 1, 0, 1, 1, 0
ppe_0989_jpg.rf.34a8b373bf8bdcd073fe5bbd06c00e2b.jpg, 1, 0, 1, 1, 0
ppe_1102_jpg.rf.3aa5007b511c19452dccd05210ffb2df.jpg, 1, 1, 0, 1, 1
ppe_0485_jpg.rf.381f2becb1590484b6249672d689749c.jpg, 1, 0, 0, 1, 1
ppe_0865_jpg.rf.3bb2e0c4d56b00c70daa232f6067b3f7.jpg, 1, 0, 0, 1, 0
ppe_0946_jpg.rf.3c5a2b0d93e71cc52165ce3f8d4b8648.jpg, 0, 0, 0, 1, 0
ppe_0823_jpg.rf.3c8e483e01001b37dd3d9452ac7fdd8b.jpg, 1, 0, 0, 1, 0
ppe_1322_jpg.rf.39c3d62815918295e0dc75595f84ea19.jpg, 0, 1, 0, 1, 1
ppe_0494_jpg.rf.38d4fe28e61bdb6dad4f79af30284b81.jpg, 1, 0, 0, 1, 1
ppe_0757_jpg.rf.3a03296256179d2cdbd8da3b6ffe568f.jpg, 1, 0, 1, 1, 0
ppe_0628_jpg.rf.3afe77af75fc63a10de8c1a0fdcc8fd7.jpg, 1, 0, 1, 1, 0
ppe_1111_jpg.rf.3b097e87688116de3d530a4c323a9409.jpg, 1, 0, 1, 1, 0
ppe_1276_jpg.rf.3aeb51d2e07df5bb192581c9b3e213bd.jpg, 1, 0, 1, 1, 0
ppe_0003_jpg.rf.3a8e6c142c380ed094fdea05449ed25c.jpg, 1, 0, 0, 1, 1
ppe_1324_jpg.rf.3c2c2accc07991e6fe9029ffe6c4f069.jpg, 1, 0, 1, 1, 0
ppe_0346_jpg.rf.3e5d8955889b69fcc5f5dc90758be5ba.jpg, 1, 0, 1, 1, 0
ppe_0063_jpg.rf.3d814107f7a5dd649b1205880eae0ad7.jpg, 1, 0, 0, 1, 1
ppe_1090_jpg.rf.3b12f59b508ebb7eb0fb522b372bb675.jpg, 1, 0, 1, 1, 0
ppe_0746_jpg.rf.3b09ee836a913e02bcb221fcf83fc4bf.jpg, 1, 1, 1, 1, 0
ppe_0329_jpg.rf.3e021ef7cd2f04abcdea6ca88813dbe3.jpg, 1, 0, 1, 1, 0
ppe_1126_jpg.rf.38e177f6a055d34dce6bd6c29fca43bd.jpg, 1, 0, 0, 1, 0
ppe_0481_jpg.rf.38a883e41763c33945feb5627737214d.jpg, 1, 0, 0, 1, 1
ppe_0990_jpg.rf.3f040aeaccfb5f212b4cc5c7dd9f79ed.jpg, 0, 0, 0, 1, 0
ppe_0898_jpg.rf.3b8d7e515e03abeb56b9e49073388037.jpg, 1, 0, 1, 1, 0
ppe_0535_jpg.rf.3e7f200c6ff70c569244c953fdb32947.jpg, 1, 0, 0, 1, 1
ppe_0743_jpg.rf.3e73a8838ef084044e265521e84f8c79.jpg, 1, 0, 1, 1, 1
ppe_0919_jpg.rf.41d2e0a9f25f38ad82e383705626d19e.jpg, 1, 0, 0, 1, 0
ppe_1304_jpg.rf.40d31af52f6e5ac76ebcc6bc63f14379.jpg, 1, 0, 1, 1, 0
ppe_1203_jpg.rf.3f0456112ece643ff4cef82c6361a8f2.jpg, 0, 0, 0, 1, 1
ppe_0017_jpg.rf.414e829c7cca18f3fa313e7deb6bc5bd.jpg, 1, 0, 0, 1, 1
ppe_1024_jpg.rf.4115f6a922e3ac71d79768ad84873dad.jpg, 1, 0, 0, 1, 1
ppe_0136_jpg.rf.3fc0bedd93df9438f92d3c5625e05a40.jpg, 1, 0, 1, 1, 0
ppe_1149_jpg.rf.3c353734a2c3145d13531e964192bdd1.jpg, 1, 0, 0, 1, 1
ppe_0935_jpg.rf.407055f3cf594e61a0274eed51ea5da7.jpg, 1, 0, 0, 1, 1
ppe_1115_jpg.rf.4189aba63cd2ad345e1d4dc4f20c1c3d.jpg, 1, 0, 1, 1, 1
ppe_0996_jpg.rf.408198097a123dd96fc6b2db676c76b8.jpg, 1, 0, 0, 1, 1
ppe_0236_jpg.rf.42272e07ec23b4cc761196deafa265b0.jpg, 1, 0, 0, 1, 0
ppe_0070_jpg.rf.432f99ab20003f1fd68f63d55bc3e674.jpg, 1, 0, 0, 1, 1
ppe_1266_jpg.rf.423e013976b928e22cddbab426106b25.jpg, 1, 0, 0, 1, 1
ppe_0243_jpg.rf.41301aff896d89e0c6a280bf75bdbcb7.jpg, 1, 0, 1, 1, 0
ppe_0830_jpg.rf.4355c3918195206bfa6ed01042c64199.jpg, 1, 0, 0, 1, 1
ppe_0005_jpg.rf.4324f7bc923365326b5be6d0922c8ff3.jpg, 1, 0, 0, 1, 1
ppe_1163_jpg.rf.445b269a6283806af606c95afe25926c.jpg, 1, 0, 0, 1, 0
ppe_1305_jpg.rf.4191c62256e3c1a268d097218c574b4a.jpg, 1, 0, 1, 1, 0
ppe_1132_jpg.rf.43feac702305d52dbec8460dd2cdc488.jpg, 1, 0, 1, 1, 0
ppe_0998_jpg.rf.43a05ee366353ad2babd5e7ae6d2c64c.jpg, 1, 1, 1, 1, 0
ppe_1044_jpg.rf.42f3e1ff3e2ea7f4dddbde8056bdde54.jpg, 1, 0, 0, 1, 1
ppe_0059_jpg.rf.4443c45b73c51f59d16e9a4f05b22f2f.jpg, 1, 0, 1, 1, 0
ppe_1327_jpg.rf.43bf6ea7a956b5753baf06322026deba.jpg, 1, 0, 0, 1, 1
ppe_1138_jpg.rf.43a788c43c295e7d76cdf22304c720f2.jpg, 1, 0, 0, 1, 0
ppe_0105_jpg.rf.449b9e94afaca7cec771b107fae91e15.jpg, 1, 0, 0, 1, 1
ppe_0519_jpg.rf.4513ebbb076b6252e71b10183d7e0e6e.jpg, 1, 0, 1, 1, 0
ppe_0522_jpg.rf.404c1bffe60cfbe922cb51acea6985e1.jpg, 1, 0, 0, 1, 1
ppe_0208_jpg.rf.46dc23f0edec1b46e42fca64437d28cf.jpg, 1, 0, 1, 1, 0
ppe_1222_jpg.rf.48a597288edf1a643fd25e3b117205d2.jpg, 1, 0, 1, 1, 0
ppe_1014_jpg.rf.44ecacceb302a2868c858b6baffa506d.jpg, 1, 0, 0, 1, 1
ppe_0950_jpg.rf.46b3d95eeaeb6924ff8fbb1e8744bdb9.jpg, 1, 0, 0, 1, 0
ppe_0527_jpg.rf.4725f115ab62fdf53ea886c4f483eb63.jpg, 1, 0, 0, 1, 0
ppe_0841_jpg.rf.48b9cbae5fda9310e242beebc8776140.jpg, 1, 0, 0, 1, 1
ppe_0704_jpg.rf.479657bd493c12d236aaffdf0e0a0f9a.jpg, 1, 0, 1, 1, 0
ppe_0721_jpg.rf.451e5584ec09ff65dc11515b987c8e42.jpg, 1, 0, 0, 1, 1
ppe_1087_jpg.rf.47e6c9c59236f5756ab430da9d75d94f.jpg, 1, 0, 0, 1, 0
ppe_0241_jpg.rf.4638e79283a15e5a1c444e62658a242b.jpg, 1, 0, 0, 1, 1
ppe_0196_jpg.rf.45bf74c30838b0cb590916aadc0adaf3.jpg, 1, 0, 1, 1, 0
ppe_0366_jpg.rf.48a46c3ef0d2246e601358af24a7e75e.jpg, 1, 0, 1, 1, 0
ppe_1251_jpg.rf.48e07eaeca445bce4d05e9395a703a23.jpg, 1, 0, 1, 1, 0
ppe_1297_jpg.rf.47adf9680acbdff1c13c60027a02e2fb.jpg, 1, 0, 1, 1, 0
ppe_0881_jpg.rf.46bd3bba195882fa4b427a708bce8849.jpg, 1, 0, 0, 1, 1
ppe_1271_jpg.rf.4927adf1e179aa506705f10bbcdb769d.jpg, 0, 0, 0, 1, 0
ppe_0717_jpg.rf.48ed946481857a1eb68ad6f375480596.jpg, 1, 0, 1, 1, 0
ppe_0317_jpg.rf.4573a74d582c28a8ebdda487ad954406.jpg, 1, 0, 1, 1, 0
ppe_0840_jpg.rf.46c5725ec72ef581d8b51198292938fd.jpg, 1, 0, 0, 1, 0
ppe_0555_jpg.rf.4581f2fbb8314a4c22b9fcc466997f40.jpg, 1, 0, 0, 1, 1
ppe_1062_jpg.rf.467dc3a7c2a3c4ba45cbba7da71a8172.jpg, 1, 0, 0, 1, 0
ppe_0034_jpg.rf.4af17b6abaafa130030fdb3999441303.jpg, 1, 0, 0, 1, 1
ppe_0052_jpg.rf.4e2c526a4483c257492a46b6e99eba59.jpg, 1, 0, 0, 1, 1
ppe_0020_jpg.rf.4c688c240a097123603b579c20258f81.jpg, 1, 0, 0, 1, 1
ppe_0547_jpg.rf.4a2d72df11c586bbcf285988eefd17d8.jpg, 1, 0, 0, 1, 1
ppe_1187_jpg.rf.498de4f1cc9d201bc795d64242f581a6.jpg, 1, 0, 1, 1, 0
ppe_0209_jpg.rf.4defb4ffe732865f816f27a6f990ba54.jpg, 1, 0, 0, 1, 1
ppe_1141_jpg.rf.487a3da2231b38c477fc06d8b41cb453.jpg, 1, 0, 1, 1, 0
ppe_0556_jpg.rf.4cea652b9c5612f50996b2006cc03511.jpg, 1, 0, 1, 1, 0
ppe_0508_jpg.rf.4c610f353e697b2210ed7bedb4112dee.jpg, 1, 0, 0, 1, 1
ppe_0523_jpg.rf.4d86da60f85aadd335ee6327c514ef25.jpg, 1, 0, 0, 1, 1
ppe_0655_jpg.rf.4d0f95e2b79590a81d76244b22965fc6.jpg, 1, 0, 1, 1, 0
ppe_0623_jpg.rf.4a96885096393bc652e0c93a41b6f83b.jpg, 1, 0, 1, 1, 0
ppe_0067_jpg.rf.4c05f30a3e02833451675882223239cf.jpg, 1, 0, 0, 1, 0
ppe_0806_jpg.rf.4bdd49262f10f512ab311dd766ed6c5d.jpg, 1, 0, 0, 1, 0
ppe_0534_jpg.rf.4ec46888975264970cecff1abe0e2a53.jpg, 1, 0, 0, 1, 1
ppe_1160_jpg.rf.4db394f05dc87d173836d7debf4905f2.jpg, 1, 0, 0, 1, 1
ppe_0737_jpg.rf.4d8a0351655bbe24965c6be22dbc9f1b.jpg, 1, 0, 1, 1, 0
ppe_1172_jpg.rf.4c0da21728f0c3b72306d89aa4f4fc85.jpg, 1, 0, 1, 1, 0
ppe_1016_jpg.rf.4b1b7b05e56107128f267b3280611a4f.jpg, 1, 0, 0, 1, 0
ppe_0111_jpg.rf.4b07f18282e508a99c3c48f618f12aa0.jpg, 0, 1, 1, 1, 0
ppe_0651_jpg.rf.4f87da066899ffde2f681437f0cb90a3.jpg, 1, 0, 1, 1, 0
ppe_0543_jpg.rf.4ce9453cf400eea66c8c9c585676dd56.jpg, 1, 0, 0, 1, 1
ppe_0149_jpg.rf.4e8aaa7318dd29714e01029a0c226d9c.jpg, 1, 0, 0, 1, 1
ppe_0808_jpg.rf.4e3748844c06a8a5e6231166e2ff9d34.jpg, 1, 0, 0, 1, 1
ppe_0667_jpg.rf.4f1b5cbf0b7744b024e2ebfdc7429564.jpg, 1, 0, 1, 1, 0
ppe_0611_jpg.rf.4e993c5561afbe86992f4c2a6e56fa97.jpg, 1, 0, 0, 1, 1
ppe_0874_jpg.rf.4ed3cea188a1d50d8f372fe7a15977df.jpg, 1, 0, 1, 1, 0
ppe_1046_jpg.rf.504a939434ac09c25f3e522ec723d314.jpg, 1, 0, 0, 1, 0
ppe_1058_jpg.rf.54ffcb7be1697789c3ebdf8b86dd43ce.jpg, 1, 0, 1, 1, 1
ppe_0039_jpg.rf.506b4b071e107fb4ebbbeb8866681287.jpg, 1, 0, 1, 1, 0
ppe_0773_jpg.rf.54c035665a21d331ec31ac28936a1d00.jpg, 1, 0, 1, 1, 0
ppe_0516_jpg.rf.53bb60510d693c31b4d9d6b67941556b.jpg, 1, 0, 1, 1, 0
ppe_0061_jpg.rf.53f6bb37685a6737143456810d168cae.jpg, 1, 0, 1, 1, 0
ppe_0604_jpg.rf.51ab5848ba35db0ecdecbe1f6d672d03.jpg, 1, 1, 0, 1, 1
ppe_0154_jpg.rf.53e1191ad8a059f2efc30b6994104829.jpg, 1, 0, 0, 1, 1
ppe_1107_jpg.rf.54640a2e5314b4fb788a1d600c7297d3.jpg, 1, 0, 0, 1, 1
ppe_1263_jpg.rf.52434b9ddea0160db980e0ec6928e7ae.jpg, 1, 0, 0, 1, 0
ppe_0949_jpg.rf.517ac5e763c37c8f9608c55d6c64387f.jpg, 1, 0, 1, 1, 0
ppe_0578_jpg.rf.5315b2f9151ef6d84e61106052779a5d.jpg, 1, 0, 1, 1, 0
ppe_0776_jpg.rf.550710272c3559abd1dc240a8c6bdbd2.jpg, 1, 0, 0, 1, 1
ppe_1018_jpg.rf.52e186d4bbcdb575dbcb8886829132f3.jpg, 1, 0, 0, 1, 1
ppe_0936_jpg.rf.52576db1f227edba02aa19a304e4a8f5.jpg, 1, 0, 0, 1, 1
ppe_0934_jpg.rf.551d063d463e3dd360766ef3fff2f45f.jpg, 1, 0, 0, 1, 1
ppe_0490_jpg.rf.53e2d1f56b13e804bd9a99234a53dcc5.jpg, 0, 0, 0, 1, 0
ppe_0804_jpg.rf.55593f0a1e37e6c129d0e2ebfe160514.jpg, 1, 0, 1, 1, 0
ppe_1023_jpg.rf.51ef022043e10b64644e24f902d3c293.jpg, 0, 0, 0, 1, 0
ppe_0614_jpg.rf.52365b38a3ad3d2654dcb26ca08700a3.jpg, 1, 0, 0, 1, 1
ppe_0943_jpg.rf.535af5cca49dd23438a39c62ee4b12e3.jpg, 1, 0, 0, 1, 1
ppe_1274_jpg.rf.54cf1258c2755de7657e2dfd7583f6db.jpg, 1, 1, 1, 1, 0
ppe_1179_jpg.rf.54120848b8712c9353571801eaff25e9.jpg, 1, 0, 1, 1, 0
ppe_1032_jpg.rf.55c38bbe8c67ee764315824bf36f9f3e.jpg, 1, 0, 0, 1, 0
ppe_0100_jpg.rf.563213e93976baa36684c19fe3ebf559.jpg, 1, 0, 0, 1, 1
ppe_0782_jpg.rf.543a04ad55f175dcc6c9dc8dc9b370f5.jpg, 1, 0, 1, 1, 0
ppe_0598_jpg.rf.55f5b8e80060d30d234ea20a936bad6c.jpg, 1, 0, 0, 1, 1
ppe_0887_jpg.rf.5639587a36d85c96d1fb8cbcc2bc4e3f.jpg, 1, 0, 1, 1, 0
ppe_0188_jpg.rf.55e3016d451dd25e304056c6515cfa74.jpg, 1, 0, 0, 1, 1
ppe_0588_jpg.rf.528d032bb29c5f02231733d1143515bd.jpg, 1, 0, 0, 1, 1
ppe_1022_jpg.rf.59526c0242b0ace5cf47a330b82950a4.jpg, 1, 0, 0, 1, 1
ppe_0552_jpg.rf.54e8b87d088c94de642bfaa7ec2e5537.jpg, 1, 0, 1, 1, 0
ppe_0858_jpg.rf.55c6a2fd329698eb0b278ac50eea5c05.jpg, 1, 0, 0, 1, 1
ppe_0980_jpg.rf.5a200956eb140d16879bf024854a75d6.jpg, 1, 0, 0, 1, 0
ppe_1036_jpg.rf.589f81802baee2975bcf3c5479741277.jpg, 1, 0, 0, 1, 0
ppe_1201_jpg.rf.57787a851037f6cb765885a8b0cacb85.jpg, 1, 0, 1, 1, 0
ppe_0151_jpg.rf.5a4756ba26f59a1f22fe52e4793bcfa0.jpg, 1, 0, 1, 1, 0
ppe_0116_jpg.rf.5895020ff4137d8190ed1b5fcb04ca1e.jpg, 1, 0, 0, 1, 1
ppe_0827_jpg.rf.5b0c8857be0de7b0df43422db2c836c2.jpg, 1, 0, 0, 1, 1
ppe_0349_jpg.rf.5a3643c1b8564b1933e285685bbd9ce8.jpg, 1, 0, 1, 1, 0
ppe_0889_jpg.rf.5a9cebabecfe23f4f322e3df5e785ce9.jpg, 1, 0, 1, 1, 0
ppe_0880_jpg.rf.5b259a13c760c4e706df0ae990c16d78.jpg, 1, 0, 0, 1, 1
ppe_0753_jpg.rf.5c21b041b36421051b3d121487ea62fd.jpg, 1, 0, 0, 1, 0
ppe_0499_jpg.rf.5b1264c22b172e92b02e96f2328c127a.jpg, 1, 0, 0, 1, 1
ppe_0201_jpg.rf.5b59f21c7f8d44b88973606f10d364e9.jpg, 1, 0, 1, 1, 0
ppe_0631_jpg.rf.5ca680917067a270f1502fc7500482dd.jpg, 1, 0, 0, 1, 1
ppe_0280_jpg.rf.564a7f674fe81945ff4af82bb6d797db.jpg, 1, 0, 1, 1, 0
ppe_1131_jpg.rf.5b5d6b7670e856213f7a14ad8f49c332.jpg, 1, 0, 1, 1, 0
ppe_0682_jpg.rf.5bc3a0e29e4c37a28f69b0025da73933.jpg, 1, 0, 0, 1, 1
ppe_0662_jpg.rf.5828b357cf479838f99f51fcfe6de047.jpg, 1, 0, 0, 1, 1
ppe_0383_jpg.rf.56bd02cefef19c36ac33fdd010f43ca9.jpg, 1, 0, 0, 1, 1
ppe_0941_jpg.rf.5a5191551af94901104b08176c07393b.jpg, 0, 0, 0, 1, 1
ppe_1317_jpg.rf.571655da17732b63a849878d076c9658.jpg, 1, 0, 1, 1, 0
ppe_0123_jpg.rf.5d061be7ef0cfe23cff8e691def41a86.jpg, 1, 0, 1, 1, 0
ppe_1287_jpg.rf.5d1e8e88d5c11c387ee3e8f794741c9c.jpg, 1, 0, 1, 1, 1
ppe_0559_jpg.rf.571404eacb515fb914bcb896f0a6dfeb.jpg, 1, 0, 0, 1, 1
ppe_1326_jpg.rf.5cf36959482eecd24a430307c73ac195.jpg, 1, 0, 0, 1, 0
ppe_1174_jpg.rf.5d46fae13d0a802738bd0e086efc6cb1.jpg, 1, 0, 0, 1, 0
ppe_0247_jpg.rf.5c34c76502c79fdd9e65880a7cd1d995.jpg, 1, 0, 0, 0, 0
ppe_0762_jpg.rf.5ddc4e49946483d5fe35395e3314588e.jpg, 1, 0, 1, 1, 0
ppe_1273_jpg.rf.574a2b6a34d9e68ae49860ef1ae5c724.jpg, 1, 0, 0, 1, 0
ppe_1204_jpg.rf.5f6ece5becdbefa162b609b504d982d7.jpg, 1, 0, 1, 1, 0
ppe_0112_jpg.rf.5d0d495c5b6938e762845d060502e1ed.jpg, 1, 0, 1, 1, 0
ppe_1065_jpg.rf.5fb623e700bcccec44e680b79a482f14.jpg, 1, 0, 1, 1, 0
ppe_0909_jpg.rf.600b4b91572d69d2e2d5e4f20c940bf0.jpg, 1, 0, 0, 1, 0
ppe_0274_jpg.rf.5d87eceb4390e2f71358b276c51338da.jpg, 1, 0, 1, 1, 0
ppe_1150_jpg.rf.5e2203c82f3b1fe6fb2c734e61a14546.jpg, 1, 0, 1, 1, 0
ppe_0374_jpg.rf.5f835a7506ed92e191b6de98d5557c4a.jpg, 1, 0, 0, 1, 1
ppe_0716_jpg.rf.606ecb109c77d53c541810075e0287bc.jpg, 1, 0, 1, 1, 0
ppe_0444_jpg.rf.5f237c1f7f21443ef23f59346612a36b.jpg, 1, 0, 0, 1, 1
ppe_0635_jpg.rf.6027505293f04d200478cf8e707a1795.jpg, 1, 0, 1, 1, 0
ppe_0809_jpg.rf.60fac862402fa4236bb9b7366257e515.jpg, 0, 0, 0, 1, 0
ppe_1216_jpg.rf.5d8533db894b0b01f1b08441b23c95b3.jpg, 1, 0, 0, 1, 0
ppe_0573_jpg.rf.5f718450eab05b09d0a5741789ea79db.jpg, 1, 0, 1, 1, 0
ppe_1244_jpg.rf.6007d724c0f6c356168abbf83376b39a.jpg, 1, 0, 0, 1, 0
ppe_1137_jpg.rf.5df491ea43190369cf3ba7ccd21d94be.jpg, 1, 0, 1, 1, 0
ppe_0661_jpg.rf.610d34536f2452a921099c120b46a85c.jpg, 1, 0, 1, 1, 0
ppe_1061_jpg.rf.61f26648af3c1abf19c16740c4df2a24.jpg, 1, 0, 0, 1, 0
ppe_0248_jpg.rf.60edeb9789ac95f1097ec8c549b7e689.jpg, 1, 1, 0, 1, 1
ppe_1316_jpg.rf.61337fd877ee490aaee23dedbce55b5d.jpg, 1, 0, 0, 1, 1
ppe_1261_jpg.rf.6067674f36e588ee08590f3935af0f7d.jpg, 1, 0, 0, 1, 1
ppe_0845_jpg.rf.6260b4bf5f54064c9924833729cb5048.jpg, 1, 0, 0, 1, 0
ppe_0995_jpg.rf.603a8950f75ffd75e903749da423a522.jpg, 0, 0, 0, 1, 1
ppe_0262_jpg.rf.6215e6c0c90e2930bf55ea78f697bf2f.jpg, 1, 0, 0, 1, 1
ppe_0886_jpg.rf.618222126a296f101abd9f38937628d6.jpg, 1, 0, 0, 1, 1
ppe_0330_jpg.rf.6134d7f141360fe319154fe57de38f30.jpg, 1, 0, 0, 1, 1
ppe_0873_jpg.rf.6397cee34c8f209edf7e38178deb2803.jpg, 1, 0, 0, 1, 1
ppe_0244_jpg.rf.65c1ce1668a2b8bb26d1fc1f5a100470.jpg, 1, 0, 1, 1, 1
ppe_1239_jpg.rf.63c047d564b05463ea4e5e5976562c0c.jpg, 1, 0, 0, 1, 1
ppe_0756_jpg.rf.62526e9d72e7d30ee57b0f3dc2d282a7.jpg, 1, 0, 0, 1, 1
ppe_0703_jpg.rf.62cf6c819d7925e2100b41c6ecd887f6.jpg, 1, 0, 0, 1, 1
ppe_0883_jpg.rf.677c0909efbffb1ec0f11e2a10beb3ba.jpg, 1, 0, 0, 1, 0
ppe_0391_jpg.rf.6535549ac1820b859229d117cb95b5a9.jpg, 1, 0, 1, 1, 0
ppe_0850_jpg.rf.67b98336ffa7f494829c32add04e1b57.jpg, 1, 0, 0, 1, 1
ppe_0253_jpg.rf.66c7763ff3f1461a7a644875d23d8a2f.jpg, 1, 0, 1, 1, 0
ppe_0458_jpg.rf.6521a6c375520f7f3688eb938f60bf08.jpg, 1, 0, 1, 1, 0
ppe_0350_jpg.rf.66edb7b18e246eaa84f3ed89b4a4eb0f.jpg, 1, 0, 0, 1, 1
ppe_1285_jpg.rf.60e937099fe033eae5712ccd84a1428e.jpg, 1, 0, 1, 1, 0
ppe_0568_jpg.rf.6777d663ed4eec931a326aa68e03429e.jpg, 1, 0, 1, 1, 0
ppe_0910_jpg.rf.66e105e2e71f7c9e0019b230c060288a.jpg, 1, 0, 1, 1, 0
ppe_0271_jpg.rf.63dd188327d109f74b6d440a9b027906.jpg, 1, 0, 0, 1, 1
ppe_0308_jpg.rf.67d4129ea75788c26ab9ce8db1d64eda.jpg, 1, 0, 1, 1, 1
ppe_0650_jpg.rf.684851fa5d07a145103e53f61fd9d020.jpg, 1, 0, 1, 1, 0
ppe_0086_jpg.rf.67c66362efee76c9b5bef813d282f9ca.jpg, 1, 0, 0, 1, 1
ppe_0897_jpg.rf.65a315620c30a707be6057f1ab2f0165.jpg, 1, 0, 0, 1, 1
ppe_1318_jpg.rf.668bf33583f9eec7d4279ad476d032bf.jpg, 1, 0, 0, 1, 0
ppe_1235_jpg.rf.63117df6b35b535f2c5eb5fec51c07ea.jpg, 1, 0, 0, 0, 0
ppe_1121_jpg.rf.ae473d7c1a17a76750de31b43c005280.jpg, 1, 0, 0, 1, 0
ppe_1029_jpg.rf.a99b03697908a2749a78147625e98906.jpg, 1, 0, 0, 1, 1
ppe_1247_jpg.rf.aed0ea56f5540972e9138413f53cdf67.jpg, 0, 0, 1, 1, 0
ppe_0815_jpg.rf.a9fc6c1f77d0d7ba1e70239ce6fd5b5f.jpg, 0, 1, 0, 1, 1
ppe_1181_jpg.rf.ae8e3fe6c665b8349206cd17f072c096.jpg, 1, 0, 1, 1, 0
ppe_0700_jpg.rf.ad7e23077ad9c2fa266c56817ed8dcc4.jpg, 1, 0, 0, 1, 0
ppe_0826_jpg.rf.af267178da0538997968229470aeed36.jpg, 1, 0, 0, 1, 1
ppe_0672_jpg.rf.ab0ca43b1fb82e9d49d50158ddb3696e.jpg, 1, 0, 0, 1, 0
ppe_0656_jpg.rf.a9a18106154b7f9fb00134048561d872.jpg, 1, 0, 0, 1, 1
ppe_0831_jpg.rf.aad25c568b736f9261bed4e437a2ae5c.jpg, 1, 0, 0, 1, 1
ppe_0862_jpg.rf.ab3216d2e67750026336cf70fb14c489.jpg, 1, 0, 0, 1, 1
ppe_0669_jpg.rf.a9d2281bfb71138551dfe10a29688edb.jpg, 1, 0, 0, 1, 0
ppe_0022_jpg.rf.af27b20bf838721a49ca6e1a654a7945.jpg, 1, 0, 0, 1, 1
ppe_0033_jpg.rf.aa804ba8d4e735d5d7464cf310b7f7f2.jpg, 1, 1, 0, 1, 1
ppe_0311_jpg.rf.ad3b7504ff6f77dcba441433f8e378bf.jpg, 1, 0, 0, 1, 1
ppe_0724_jpg.rf.ab8491fef1a8294d7596bcba0daf8e5e.jpg, 1, 0, 0, 1, 1
ppe_0348_jpg.rf.ab80bc3f4a7682139014f077d25ec3e3.jpg, 1, 0, 0, 1, 1
ppe_0699_jpg.rf.ab3af0f495bfdef3b277cc5ec7d74b9d.jpg, 1, 0, 1, 1, 0
ppe_1184_jpg.rf.afc658272d71a6480f37817f66bece79.jpg, 1, 0, 0, 1, 1
ppe_0470_jpg.rf.b106817a363e1aeafc92360554b0f2ad.jpg, 1, 0, 0, 1, 1
ppe_0923_jpg.rf.ac4ae2befbee8a3ac163db66e6e6ee5c.jpg, 1, 0, 0, 1, 1
ppe_1050_jpg.rf.b02ba15e2596081bc6ab35fd6d07bc1a.jpg, 1, 0, 0, 1, 0
ppe_0353_jpg.rf.b0b794a75ac61f80f702ff53ec271eee.jpg, 1, 0, 0, 1, 1
ppe_0205_jpg.rf.ae86bf4ddc5cd8facd72d59e316bbace.jpg, 1, 0, 0, 1, 1
ppe_0010_jpg.rf.b140c7b9a124aba7d7d3dde7f5a0ab91.jpg, 1, 0, 1, 1, 0
ppe_0851_jpg.rf.b16a316bccb7254081bc49ec59c1e64f.jpg, 1, 0, 1, 1, 0
ppe_0071_jpg.rf.b17920c080d6e3e36e9e383d0a4b1918.jpg, 1, 0, 1, 1, 0
ppe_0153_jpg.rf.b1df7cc65a59f2560b10274456d60e40.jpg, 1, 0, 0, 1, 1
ppe_1320_jpg.rf.b31832cc67d315c2c670eb3fd8656be5.jpg, 1, 0, 1, 1, 0
ppe_0710_jpg.rf.b2844993ca4bcb80d2ee92a0ff07d948.jpg, 1, 0, 0, 1, 1
ppe_0424_jpg.rf.b19dcac098599d7029f854f4c2e10df5.jpg, 1, 0, 0, 0, 0
ppe_0125_jpg.rf.b143a8aac09cafb767922e64ec64801c.jpg, 1, 0, 1, 1, 0
ppe_0740_jpg.rf.b4d38a30388e92ace11570c552d0fb70.jpg, 1, 0, 1, 1, 1
ppe_0549_jpg.rf.b31c1cfcac95870bfe8b9279356ed04c.jpg, 1, 0, 0, 1, 0
ppe_0157_jpg.rf.b3b238ee4daa3cb485fbf6afe90ab787.jpg, 1, 0, 0, 1, 1
ppe_1043_jpg.rf.b1ff0f2cd7d5163b7c63664f85f08df1.jpg, 0, 0, 0, 1, 0
ppe_0538_jpg.rf.b3cfaacf1c831f96120e9cdb17e85097.jpg, 1, 0, 1, 1, 0
ppe_1165_jpg.rf.b4969af7bd854dc6d24a29c27fc83a74.jpg, 1, 0, 0, 1, 0
ppe_1039_jpg.rf.b462b9979960420f6a99cbe46f57cc79.jpg, 1, 0, 0, 1, 1
ppe_0163_jpg.rf.b29f291098face170e4fd9b22184e247.jpg, 1, 0, 1, 1, 0
ppe_0948_jpg.rf.b4913217aed83da5caf927dae044ca22.jpg, 1, 0, 1, 1, 0
ppe_0528_jpg.rf.b55fdaf937192b62d75feb09bec774d2.jpg, 1, 0, 1, 1, 0
ppe_0993_jpg.rf.b67bbf8cff7e45d8c3969562f4581c03.jpg, 1, 0, 0, 1, 1
ppe_1127_jpg.rf.b62045e1850181e2e04d2bf61b1f4961.jpg, 1, 0, 0, 1, 1
ppe_0709_jpg.rf.b66770b2400d57c7884fe0b589f5187c.jpg, 1, 0, 0, 1, 1
ppe_1045_jpg.rf.b71169377458bb87b61375003a2eb76f.jpg, 0, 0, 0, 1, 1
ppe_0846_jpg.rf.b6ef04e6b5618534170e8e7eeaf287fd.jpg, 1, 0, 1, 1, 0
ppe_0117_jpg.rf.b4cfcecae02e25795f85a4d143274583.jpg, 1, 0, 1, 1, 0
ppe_0314_jpg.rf.b52f6832938861c0c5d622f079860183.jpg, 1, 0, 0, 1, 1
ppe_0340_jpg.rf.b76db953975c93715cc3aa3b31d8f723.jpg, 1, 0, 0, 1, 1
ppe_1214_jpg.rf.b4e46fddcfc835e0178c75c2ac5dff96.jpg, 1, 0, 0, 1, 1
ppe_1129_jpg.rf.b57d1258878a1387c2fe31731851d56b.jpg, 1, 0, 0, 1, 1
ppe_0673_jpg.rf.b8ea265c0c660a534ea0d53c07b27691.jpg, 1, 0, 0, 1, 1
ppe_0507_jpg.rf.b6e8add64c0022cfc22f7561d3d80b38.jpg, 1, 0, 0, 0, 0
ppe_1012_jpg.rf.b84736dd09d8e7c6f4569c19a57ff5fc.jpg, 0, 0, 0, 1, 0
ppe_0234_jpg.rf.b7dc05566093ff9d1163f762edbe063c.jpg, 1, 0, 1, 1, 0
ppe_0320_jpg.rf.b78a90e120343e34a9049d8d94aa99ec.jpg, 1, 0, 1, 1, 0
ppe_0344_jpg.rf.b941553efe51860d2b2a2b6a310ce0ef.jpg, 1, 0, 0, 1, 1
ppe_0331_jpg.rf.bab23664ed9ea51ab5d749edbc9b6fad.jpg, 1, 0, 1, 1, 0
ppe_1286_jpg.rf.b7734910ecb8e3ad5d405cdc820b44a5.jpg, 1, 0, 0, 1, 1
ppe_0760_jpg.rf.ba35b9be01b1d968d61bee7c8489dafa.jpg, 0, 0, 0, 1, 0
ppe_0564_jpg.rf.b9f91375a073104b77354e8b155f616e.jpg, 1, 0, 0, 1, 1
ppe_0445_jpg.rf.ba4d886fca0177c4d146e6413dec6517.jpg, 1, 0, 0, 1, 0
ppe_1164_jpg.rf.c0b44a78a36f59d56ce8020881347708.jpg, 1, 0, 0, 1, 1
ppe_0180_jpg.rf.c06e5fb615af18b58b1d39493fdeae94.jpg, 1, 0, 1, 1, 0
ppe_0068_jpg.rf.c18bb1f00766fb368950436778d6e102.jpg, 1, 0, 0, 1, 1
ppe_1162_jpg.rf.bef297f0835696f046f075df8cae7e48.jpg, 1, 0, 1, 1, 0
ppe_1213_jpg.rf.c0f2d9cae534fa0b2ddf413a8a3a3c9f.jpg, 1, 0, 0, 1, 1
ppe_0200_jpg.rf.c0d119a7ca2e0ae1f92e52035105d930.jpg, 1, 0, 0, 1, 1
ppe_0316_jpg.rf.bf3e42a0c0ecc688702fd472ff010f67.jpg, 1, 0, 0, 1, 1
ppe_1083_jpg.rf.c1df85583744bb67be03634bf09cefdd.jpg, 1, 0, 0, 1, 0
ppe_0257_jpg.rf.be707aea464e7a9474cb449639ab50b7.jpg, 1, 0, 0, 1, 1
ppe_0118_jpg.rf.bff68c4111fbfd71077d531328cc3477.jpg, 1, 0, 0, 1, 1
ppe_0302_jpg.rf.bd56df16cdf746687bcdee83e2c3a3d3.jpg, 1, 0, 0, 1, 1
ppe_0202_jpg.rf.bcfe7d22d7b1fdc933a3597862ad1f59.jpg, 1, 0, 1, 1, 0
ppe_1143_jpg.rf.be93cb3afbc4058898b4da3660f0e389.jpg, 0, 0, 0, 1, 1
ppe_0525_jpg.rf.c2062d84aefb76016bd02ce530cfc57e.jpg, 1, 0, 0, 1, 1
ppe_1006_jpg.rf.bbc6e2f5681432427938499db289678c.jpg, 1, 0, 0, 1, 1
ppe_0077_jpg.rf.be0bc7b34b8f03928205d317e47429cd.jpg, 1, 0, 1, 1, 0
ppe_0159_jpg.rf.bcfb4c697c9789fdac57f602c8280d9d.jpg, 1, 1, 1, 1, 1
ppe_0459_jpg.rf.bdf88db2809338e44b47cbc5e1f922d5.jpg, 1, 0, 1, 1, 1
ppe_0134_jpg.rf.c1bb449db483071e49b6cddadf46cda0.jpg, 1, 0, 1, 1, 0
ppe_0952_jpg.rf.bd60e78cffb424db938bb660952eec32.jpg, 1, 0, 0, 1, 1
ppe_0515_jpg.rf.be52e48d3cdbb48b3d3a118a797827d5.jpg, 1, 0, 0, 1, 1
ppe_1081_jpg.rf.be49ca366bf5afa22245bbe692fd55ef.jpg, 1, 0, 1, 1, 0
ppe_0542_jpg.rf.c1f92ce7dbca2edaa349f76de7d6565e.jpg, 1, 0, 0, 1, 1
ppe_0657_jpg.rf.bdddba24b27b1b989d2fba87570dd1b0.jpg, 1, 0, 0, 1, 1
ppe_1325_jpg.rf.be189b97b4661483ffe85adb922189ee.jpg, 1, 0, 0, 1, 1
ppe_1306_jpg.rf.c2068830891e60b52c2aa9a1c1847b78.jpg, 1, 0, 0, 1, 0
ppe_1294_jpg.rf.c42e12a1792b0ba46cc586094d97205c.jpg, 1, 0, 1, 1, 0
ppe_1010_jpg.rf.c3ecdfcaf79d1819950021347a201fc4.jpg, 1, 0, 0, 1, 1
ppe_0878_jpg.rf.c2ef992576f679e2722cc59fd5457c27.jpg, 0, 0, 0, 1, 1
ppe_0299_jpg.rf.c2082fe281d85e86301079321c3f18d5.jpg, 1, 0, 0, 1, 1
ppe_1130_jpg.rf.c42addc0df3491259deb1eec167f42b9.jpg, 1, 0, 0, 1, 0
ppe_0025_jpg.rf.c4daac47608b52a33c93f942f35b719b.jpg, 1, 0, 0, 1, 1
ppe_0868_jpg.rf.bb64bd76ba12c03b629ecd4f89eaca96.jpg, 1, 0, 1, 1, 1
ppe_0074_jpg.rf.c1f8257e71cd7e19f5d865796f54fb97.jpg, 1, 0, 1, 1, 0
ppe_0680_jpg.rf.c22ff5b5e3d84ace6d771239b25697f7.jpg, 1, 0, 0, 1, 1
ppe_1038_jpg.rf.c3d9c60cde010fb8c374d6830ec618c0.jpg, 1, 0, 1, 1, 0
ppe_0987_jpg.rf.c39698e77a442a0e0cdf0cc6d917213a.jpg, 1, 0, 0, 1, 0
ppe_1112_jpg.rf.c72d3833a0e90136aa10a1c7d53a5c90.jpg, 1, 0, 1, 1, 0
ppe_0590_jpg.rf.c422b93c0f8df36c6964036010eaed2e.jpg, 1, 0, 0, 1, 1
ppe_0401_jpg.rf.c62c3fb9606266552cd1051c5a2ca2ca.jpg, 1, 0, 1, 1, 0
ppe_0766_jpg.rf.bb0e1a1a7888dca5fba583e0454aa998.jpg, 1, 0, 0, 1, 1
ppe_0816_jpg.rf.c666f38aeabc1fbf28764faf814edf50.jpg, 1, 0, 0, 1, 1
ppe_0899_jpg.rf.c6ff3da35456e4e2aab804680ac18d09.jpg, 1, 0, 0, 1, 1
ppe_0065_jpg.rf.c6b7e3e0fda08e62df1e59ce9ca3ab53.jpg, 1, 0, 1, 1, 0
ppe_0751_jpg.rf.c957341a998b1b418360e7a4cf7d630b.jpg, 1, 0, 0, 1, 1
ppe_0702_jpg.rf.c626c9e8814eb1e20ff5dd205159368d.jpg, 1, 0, 0, 1, 1
ppe_1041_jpg.rf.c60703bfe3f4bbaa6fd649daa897f123.jpg, 1, 0, 1, 1, 0
ppe_0761_jpg.rf.c6d00e4135037e26ec4781f0c3b51d91.jpg, 1, 1, 1, 1, 0
ppe_1000_jpg.rf.c638a4ffed47c1444cc7d8955fdab83f.jpg, 1, 0, 0, 1, 1
ppe_1059_jpg.rf.c81c8ee60795bb57f7b87f14c3e4c53f.jpg, 1, 0, 0, 1, 1
ppe_1264_jpg.rf.c812bbf76c71ccd2b63e6a4ea8b6999a.jpg, 1, 0, 0, 1, 0
ppe_0371_jpg.rf.c55966d38b6273d799328028a0ce41c7.jpg, 1, 0, 0, 1, 0
ppe_1243_jpg.rf.c9fb9858f6b8577495023509024c28d5.jpg, 1, 0, 1, 1, 0
ppe_0041_jpg.rf.cc41f41f16c1f0e48f1a9127b71d637d.jpg, 0, 1, 1, 1, 0
ppe_0617_jpg.rf.ca7be90f385e8dc128c92749e4242dd6.jpg, 1, 0, 1, 1, 0
ppe_1193_jpg.rf.cc24caeaa1a11db20365ce2be5b1d8d9.jpg, 1, 0, 0, 1, 0
ppe_0933_jpg.rf.ca36c1e5de2aed5e8eb72a694dd1b41d.jpg, 1, 0, 0, 1, 1
ppe_0767_jpg.rf.c9cf92d75d5dca13a46445d05f0c7446.jpg, 1, 0, 1, 1, 1
ppe_0986_jpg.rf.cd3aca75c0c3c172eb88b23962ccefe8.jpg, 1, 0, 0, 1, 1
ppe_0891_jpg.rf.ca4c320ca398e21e9f9428ff6eb364a6.jpg, 1, 0, 0, 1, 0
ppe_0467_jpg.rf.cc3ca94680ea055ee973eb2e5b49952c.jpg, 1, 0, 1, 1, 0
ppe_0706_jpg.rf.ca68a46acc52c0f5e45d8dccfa7223c6.jpg, 1, 0, 1, 1, 0
ppe_0832_jpg.rf.cbece1ac0e720d89a5f9ac84a280b583.jpg, 1, 0, 0, 1, 1
ppe_0579_jpg.rf.cdde20eed0085897dc9d17167f79490b.jpg, 1, 0, 1, 1, 0
ppe_0245_jpg.rf.c9728420cf4dc19a284ba6f79782196e.jpg, 1, 0, 1, 1, 0
ppe_1246_jpg.rf.cb980e3a2bd9848c7c980c68eb958e1c.jpg, 1, 0, 1, 1, 0
ppe_0127_jpg.rf.cad6b7e9ea2419271008d42a15984368.jpg, 1, 0, 1, 1, 0
ppe_0626_jpg.rf.cac59c6aa9902d28c04579df56b660d6.jpg, 1, 0, 0, 1, 1
ppe_0619_jpg.rf.cd1d57caebae88a610ad938345a4c0c4.jpg, 1, 0, 0, 1, 0
ppe_1101_jpg.rf.ccfb54588eeeddf2285d3a738d73da8b.jpg, 1, 0, 0, 1, 1
ppe_0431_jpg.rf.cb70ce1af865468e4acf07062e47a54e.jpg, 1, 0, 1, 1, 0
ppe_1042_jpg.rf.cac708afe38be954ce8b679efc8c21dc.jpg, 1, 0, 0, 1, 1
ppe_0372_jpg.rf.cf0d6b6e8ecbf0ffd17f408ffa317383.jpg, 1, 0, 0, 1, 1
ppe_0433_jpg.rf.ccec66d87c9a0c2ca27a98d702fd9091.jpg, 1, 0, 1, 1, 0
ppe_0502_jpg.rf.cf8e14df69864a40fe116c384a7e78d9.jpg, 1, 1, 1, 1, 1
ppe_0482_jpg.rf.ce1df9f1830000f7188e1b0ff114b7b7.jpg, 1, 0, 0, 1, 1
ppe_0479_jpg.rf.ce74b169400019cc98c36cc275eb5649.jpg, 1, 0, 1, 1, 0
ppe_1177_jpg.rf.ce8d575566561310f2f99e3046ff3b24.jpg, 1, 0, 1, 1, 0
ppe_0686_jpg.rf.cff598fd6446bd0fceab6403626fb7f1.jpg, 1, 0, 1, 1, 0
ppe_0460_jpg.rf.cf7810cff33f246d7da5149ffba5ed45.jpg, 1, 0, 0, 1, 1
ppe_0524_jpg.rf.ce23c4bdab2a3f1b0260995fedffe8d3.jpg, 1, 0, 1, 1, 0
ppe_0466_jpg.rf.cee7144b0afe5ad0ce5fabec780eecfc.jpg, 1, 0, 1, 1, 1
ppe_0634_jpg.rf.cf53d68ee7cecbb715f7a8b0c244f457.jpg, 1, 0, 0, 1, 1
ppe_0615_jpg.rf.cfd233cde09c6e00582324cd65cd0dff.jpg, 1, 0, 0, 1, 1
ppe_1075_jpg.rf.cea41d402fee2090795fb666dbb9ce15.jpg, 1, 0, 0, 1, 1
ppe_0876_jpg.rf.cffe49f92848d1d844d51320119ecd51.jpg, 1, 0, 1, 1, 0
ppe_0602_jpg.rf.ce3b9d3f8c805b020286bbda18e2503e.jpg, 1, 0, 0, 1, 1
ppe_1040_jpg.rf.d04f8e7ec924a259629c0b21b37ec91a.jpg, 1, 0, 0, 1, 0
ppe_0493_jpg.rf.cf16d5ba67ebcdb9d42270d5c1ab7a6a.jpg, 1, 0, 0, 1, 1
ppe_0741_jpg.rf.ce0e641d169c6c44c7ff191541548c06.jpg, 1, 1, 1, 1, 0
ppe_0037_jpg.rf.d20a96d575260d228855b417afd383d3.jpg, 1, 0, 0, 1, 1
ppe_1060_jpg.rf.d53d0c22e07f3b21e23914723b3a4983.jpg, 1, 0, 1, 1, 0
ppe_1157_jpg.rf.d1358af9ea1f0aead2bbcfe028c098ed.jpg, 1, 0, 0, 1, 1
ppe_0321_jpg.rf.d079adfd19c04ec1bdae38828d30ebeb.jpg, 1, 0, 0, 1, 1
ppe_0666_jpg.rf.d145b853f996435f17bac1fe732be369.jpg, 1, 1, 0, 1, 1
ppe_0725_jpg.rf.d16692d6dd212415cef735a97c7802f3.jpg, 1, 0, 0, 1, 0
ppe_0341_jpg.rf.d237e0493afe213a86187ee83b2a2a39.jpg, 1, 0, 1, 1, 0
ppe_1125_jpg.rf.d234bf92fbd398b376de7a095937b528.jpg, 1, 0, 1, 1, 0
ppe_0035_jpg.rf.d1f7381490413ae8f4c6bc7e82269731.jpg, 1, 1, 1, 1, 1
ppe_0922_jpg.rf.d52b272db62cf3ebce6e01339f742874.jpg, 1, 0, 0, 1, 1
ppe_0060_jpg.rf.d4f4f625cf44bf755297faa7878c7f5d.jpg, 1, 0, 1, 1, 0
ppe_0642_jpg.rf.d58f4ec82d66f5e733744bba37d1879a.jpg, 1, 0, 1, 1, 1
ppe_1027_jpg.rf.d357ef30a17c85239217c0d5fd6db5f5.jpg, 1, 0, 0, 1, 1
ppe_0561_jpg.rf.d34154bde39081a53e947a6accd9dfe4.jpg, 1, 0, 0, 1, 1
ppe_1237_jpg.rf.d15a3dea4ae84810da2ed685812081b1.jpg, 1, 0, 1, 1, 0
ppe_0381_jpg.rf.d61d141f478b90362520c4fa2a52dd7f.jpg, 1, 0, 0, 1, 1
ppe_0759_jpg.rf.d626dba66e42659abf554f123f2f9ab9.jpg, 1, 0, 1, 1, 1
ppe_0255_jpg.rf.d4754f9926644a0e4aed6d00943c835b.jpg, 1, 0, 0, 1, 1
ppe_1275_jpg.rf.d5e86d9edad913daa77ffb568c5ee774.jpg, 1, 0, 0, 1, 1
ppe_0491_jpg.rf.d473d7e07b7714297ca1b286d91bd5ba.jpg, 1, 0, 1, 1, 0
ppe_0385_jpg.rf.d32a7063d7c1285bb89f8dabfadc1c3e.jpg, 1, 0, 0, 1, 1
ppe_1309_jpg.rf.d44177e42208f6efb64dded41676e548.jpg, 1, 0, 1, 1, 0
ppe_0639_jpg.rf.d4f64ec7d5aee70c61d9a6637cea7005.jpg, 1, 0, 0, 1, 1
ppe_0979_jpg.rf.d45ac7fd5f8d28aefff88c5cbbe35e7f.jpg, 1, 0, 1, 1, 0
ppe_1209_jpg.rf.d8e7878c247890ab62036002bd6af512.jpg, 1, 0, 0, 1, 1
ppe_0268_jpg.rf.d73e8ef2bc5c279e72c128e644b07775.jpg, 1, 0, 0, 1, 1
ppe_0293_jpg.rf.d8d642a2cca006a6f29cbbce67081fdb.jpg, 1, 0, 1, 1, 0
ppe_1223_jpg.rf.d6ffd64e022bd373f1c582826aa673cb.jpg, 1, 0, 1, 1, 0
ppe_0689_jpg.rf.d8d55cfd8cde02f9928ecb4803f614c0.jpg, 1, 0, 1, 1, 1
ppe_1047_jpg.rf.d3552ad3fa8be521b26115e4918e6ddf.jpg, 1, 0, 0, 1, 0
ppe_1057_jpg.rf.d7f767b471d363e70f9de07a7e2b448a.jpg, 1, 0, 0, 1, 1
ppe_0890_jpg.rf.d8d70b7babeb8cab592f7c46ac775cfe.jpg, 1, 0, 1, 1, 0
ppe_0735_jpg.rf.d885e2833c699f0f3d7b25e966842f90.jpg, 1, 1, 1, 1, 1
ppe_0181_jpg.rf.d7f14e7873d319523a886e23e6bb660d.jpg, 1, 0, 0, 1, 1
ppe_1066_jpg.rf.d3d349e6d1211155ed724f2d51413554.jpg, 1, 0, 1, 1, 0
ppe_1079_jpg.rf.da53fce02bb02334ad454fbebb9d7512.jpg, 1, 0, 1, 1, 0
ppe_0219_jpg.rf.d9fdf29f92994c57ad7f8b9a67e6f1e0.jpg, 1, 0, 0, 1, 1
ppe_0442_jpg.rf.d946e61e1e990301187518688013b9c4.jpg, 1, 0, 0, 1, 1
ppe_1037_jpg.rf.d9b30843b772b015f74023efd9e9fded.jpg, 1, 0, 0, 1, 0
ppe_0177_jpg.rf.d804cbc8a6778e8558020805d837b00b.jpg, 1, 0, 1, 1, 0
ppe_0110_jpg.rf.db495548067171842116cf1866317b0b.jpg, 1, 0, 1, 1, 0
ppe_0146_jpg.rf.dbf71077befd49ca7e5d10309c884858.jpg, 1, 0, 0, 1, 1
ppe_1224_jpg.rf.dce4b4f5fa4d4c7d341e1f8717dcfd53.jpg, 1, 0, 1, 1, 0
ppe_0581_jpg.rf.dd0ff8db39d2bc55534be8d91d8f2f87.jpg, 1, 0, 1, 1, 0
ppe_0343_jpg.rf.db45cb7b148bac62faedaf448430ffd9.jpg, 1, 0, 0, 1, 1
ppe_0795_jpg.rf.dcdec98d1fd500820473a5077ce685c4.jpg, 1, 0, 1, 1, 0
ppe_1227_jpg.rf.ddf699f7bb18dbf9d41670b6f8adedee.jpg, 1, 0, 0, 1, 1
ppe_0825_jpg.rf.dc4db0db291b66fab8e73dcb54897482.jpg, 1, 0, 0, 1, 0
ppe_0991_jpg.rf.ddf74a75bb28f23d102f1f5a1a91ef86.jpg, 1, 0, 0, 1, 1
ppe_0696_jpg.rf.dd87801a0ea9b932fc340b7dcad14170.jpg, 0, 0, 0, 1, 0
ppe_1168_jpg.rf.dbcc62db857a70102efda90dcf0a88dd.jpg, 1, 0, 1, 1, 0
ppe_1140_jpg.rf.dd06cb4ebfd87077acc678215a50b872.jpg, 1, 0, 1, 1, 0
ppe_1084_jpg.rf.de6192af18a3478a3686d03d360420aa.jpg, 1, 0, 1, 1, 0
ppe_1104_jpg.rf.d947794c9743d75ee325fa23d42b1b1f.jpg, 1, 0, 0, 1, 0
ppe_0114_jpg.rf.de2f4d813d8dab4e16746890b45c872c.jpg, 1, 0, 0, 1, 1
ppe_0884_jpg.rf.de669970c51a5e514194d75e93da1fa7.jpg, 1, 0, 0, 1, 0
ppe_1008_jpg.rf.db0956e29aaf6f3ad7bfb2b993f091ad.jpg, 0, 0, 0, 1, 0
ppe_0734_jpg.rf.dda40ebfce55dd74f6408f5579d83720.jpg, 1, 0, 0, 1, 1
ppe_0557_jpg.rf.db307916d9436f0d2e4a4f72e176e0f6.jpg, 1, 0, 0, 1, 1
ppe_0225_jpg.rf.dec4ba8048e5e5eea6d0942e7d6cc1dc.jpg, 1, 0, 1, 1, 0
ppe_0664_jpg.rf.e17fe8a69f2d52ca20d35b4f8857bac7.jpg, 1, 0, 0, 1, 1
ppe_1113_jpg.rf.e25ec3180448faa3b65bfaf3f50412bb.jpg, 0, 0, 0, 1, 0
ppe_1035_jpg.rf.e1551e23666f9162c302de706084812b.jpg, 0, 0, 0, 1, 0
ppe_0096_jpg.rf.e36a0ed11050585a831ec36fc697dbf3.jpg, 1, 0, 1, 1, 0
ppe_0080_jpg.rf.dec81bfeb4877d31fd806239fde26f04.jpg, 1, 0, 1, 1, 1
ppe_0660_jpg.rf.e11979d0825d59ddd2544967f89885fb.jpg, 1, 0, 0, 1, 1
ppe_1249_jpg.rf.df960865e219c12b5c68ec90bb64c78e.jpg, 1, 0, 0, 1, 0
ppe_0683_jpg.rf.dfd736329897548da8257d46f27c1c8d.jpg, 1, 0, 0, 1, 1
ppe_0988_jpg.rf.e095b92bfb56698f58a789d2aebe5bd8.jpg, 1, 0, 1, 1, 0
ppe_1166_jpg.rf.e176addbbac115febbb522aac99293b3.jpg, 1, 0, 0, 1, 0
ppe_0285_jpg.rf.e040aee1cc392b6626cdd102bf766846.jpg, 1, 0, 1, 1, 0
ppe_0859_jpg.rf.e44d339ca0331ade3582b724dc326600.jpg, 1, 0, 1, 1, 1
ppe_0913_jpg.rf.e32676631644151a6c80594fa4ac0033.jpg, 0, 0, 0, 1, 1
ppe_1232_jpg.rf.e34ef022be0aef9249a3e2e89b022c55.jpg, 0, 1, 0, 1, 0
ppe_0016_jpg.rf.e1ec9b331b486d4b8b0f92af1ec9db1c.jpg, 1, 0, 1, 1, 1
ppe_0681_jpg.rf.e2bfded05d7d43f6f7d3a75e9a5d5d12.jpg, 1, 0, 1, 1, 0
ppe_1031_jpg.rf.e1873ba30fbec2b7cfce68fd34c6b769.jpg, 1, 0, 0, 1, 1
ppe_0400_jpg.rf.dfc85467e7991aa082eb8d77d5646029.jpg, 1, 0, 1, 1, 0
ppe_0140_jpg.rf.df038e835cedd24695ed18e5bcccf6d4.jpg, 1, 0, 0, 1, 1
ppe_1307_jpg.rf.e31f68768dba533195def051ea0bcd86.jpg, 1, 0, 0, 1, 0
ppe_0652_jpg.rf.e2c2c0902252f652d28fcb7d96f58125.jpg, 1, 0, 1, 1, 0
ppe_0807_jpg.rf.e4ed220892f5e667956369ec4403b5ee.jpg, 1, 0, 0, 1, 1
ppe_0819_jpg.rf.e489794d4d1c89884f6532fac39c928f.jpg, 0, 0, 0, 1, 0
ppe_0849_jpg.rf.df416d6a579574094563b10586678ecc.jpg, 1, 0, 0, 1, 1
ppe_0705_jpg.rf.e4f85f01645e7738fbcd05d2e021a704.jpg, 1, 0, 0, 1, 1
ppe_0398_jpg.rf.e7696b15ed675385d4fec23084f8d71e.jpg, 1, 0, 0, 1, 1
ppe_0571_jpg.rf.e63f8e157ceed1ee2d053f00c49ed639.jpg, 1, 0, 0, 1, 0
ppe_1299_jpg.rf.e6a49c26dc19cafbebac79b8087740df.jpg, 1, 0, 0, 1, 1
ppe_1170_jpg.rf.e48d0b5ecdc177906cf0b922f94d823f.jpg, 1, 0, 0, 1, 1
ppe_0730_jpg.rf.e4f1144fc40abc641224aa3c5246e142.jpg, 1, 0, 1, 1, 1
ppe_0011_jpg.rf.e3fe7f6dd93530827c3d1d6fd7d132d1.jpg, 1, 0, 0, 1, 1
ppe_0028_jpg.rf.e6d2d554e843b070013d5a6faeaefc63.jpg, 1, 0, 1, 1, 0
ppe_0141_jpg.rf.e3cd284e46b3d584b95adf227bfda474.jpg, 1, 0, 1, 1, 0
ppe_0410_jpg.rf.e78f4fdddfaab950723df58d53e66c3d.jpg, 1, 0, 0, 1, 0
ppe_1321_jpg.rf.e78d6aa766921179422137518a121077.jpg, 1, 0, 1, 1, 0
ppe_0223_jpg.rf.e4e05c390e1984106bb00eb59f304635.jpg, 1, 0, 0, 1, 1
ppe_1070_jpg.rf.e461e083f4d09554da0a1ca763637f0b.jpg, 1, 1, 1, 1, 1
ppe_1082_jpg.rf.6a3da0cd8a137e30450f2e213d0fb81d.jpg, 1, 0, 1, 1, 0
ppe_0427_jpg.rf.699736913cc6abf3df981b5c995fccec.jpg, 1, 0, 0, 1, 0
ppe_0961_jpg.rf.6ab05b81fcb8e38addd2a20d758b5022.jpg, 1, 0, 0, 0, 0
ppe_0770_jpg.rf.6b99d0c9b2923e7b609cc0dd0dec9670.jpg, 1, 0, 1, 1, 1
ppe_1067_jpg.rf.69f1ac43d16943f93e4350e49b8da7e2.jpg, 1, 0, 0, 1, 1
ppe_0294_jpg.rf.6a0023f6da1a17e69ab4a208c81946ee.jpg, 1, 0, 1, 1, 0
ppe_1153_jpg.rf.6ad9bf98c11a01b4d2bd8ccfb05acfa1.jpg, 1, 0, 1, 1, 0
ppe_0893_jpg.rf.69aab92a19d58f1a040eed2d5f6d1fc4.jpg, 1, 0, 0, 1, 1
ppe_1291_jpg.rf.699fcc2dd837b4ed9634576eb63ed875.jpg, 1, 1, 0, 1, 1
ppe_0351_jpg.rf.6ba035c32651670210e436bc9a13b0a7.jpg, 1, 0, 1, 1, 0
ppe_1202_jpg.rf.69463722bb5ec306a3777cd184926d39.jpg, 1, 0, 0, 1, 1
ppe_0076_jpg.rf.6acb880aeccccbf09cc291c6f3cba677.jpg, 1, 0, 0, 1, 1
ppe_0976_jpg.rf.6bb3d0d4e1a795bcc2878cdc09aebcb1.jpg, 1, 0, 0, 1, 0
ppe_0518_jpg.rf.6bc4a63cffa86f6c0611bd827a8f2aa8.jpg, 1, 0, 1, 1, 0
ppe_0975_jpg.rf.6cb1e6078ffda5fe956ce411c711b501.jpg, 1, 0, 0, 1, 0
ppe_0259_jpg.rf.6bf20054bdc02c53678883ab3352b262.jpg, 1, 0, 1, 1, 1
ppe_0715_jpg.rf.6d914b19c4bec95b3166a8025d28b963.jpg, 1, 0, 0, 1, 1
ppe_0088_jpg.rf.6e8580470f94b8980fb05c88f29c8f5e.jpg, 1, 0, 0, 1, 1
ppe_0693_jpg.rf.6c55ff55032c8325ee25cf9b2c067dc3.jpg, 0, 0, 0, 1, 0
ppe_0536_jpg.rf.6d16184f97115e7d4bd4f5a1eb484dbe.jpg, 0, 0, 0, 1, 1
ppe_0267_jpg.rf.6eed174a722cb6f0e97ab30b6a0fd52e.jpg, 1, 0, 1, 1, 0
ppe_0729_jpg.rf.6d3730e76368b9974cfe29ab724bb3f0.jpg, 1, 1, 1, 1, 0
ppe_0867_jpg.rf.6ff7c83efe666fd84853d5dfc6b2fb11.jpg, 1, 0, 0, 1, 1
ppe_0589_jpg.rf.71917e0926565acd06be936914a5db71.jpg, 1, 0, 1, 1, 0
ppe_0603_jpg.rf.6ffca34298417acef347f3d1da882434.jpg, 1, 0, 1, 1, 0
ppe_0870_jpg.rf.6e8533cf210f1ac38d6d9bc7ea483b82.jpg, 1, 0, 0, 1, 1
ppe_1094_jpg.rf.726613adabafbc17116c4dd52b56e835.jpg, 0, 0, 0, 1, 0
ppe_0962_jpg.rf.6fae7b9a45b5f2a38d71ced893451d9b.jpg, 1, 0, 0, 1, 0
ppe_1086_jpg.rf.6fdfbad7dd074725fb85e048d1ad64c0.jpg, 1, 0, 0, 1, 1
ppe_1265_jpg.rf.6fa40787ded465d9f41935e190225baf.jpg, 1, 0, 0, 1, 1
ppe_0778_jpg.rf.72936a4409440e56e2ebad856ab73dab.jpg, 1, 0, 0, 1, 1
ppe_1026_jpg.rf.711c4f72df12f6a759822de050579bf6.jpg, 1, 0, 0, 1, 0
ppe_0187_jpg.rf.6f1308f5dac0331ce8296dba804475a5.jpg, 1, 0, 0, 1, 1
ppe_0283_jpg.rf.7159d271e99ab30dc4c36f1929af3283.jpg, 1, 0, 0, 1, 1
ppe_0203_jpg.rf.73bc2eb7ad2108720d44d6dcfe957722.jpg, 1, 0, 0, 1, 1
ppe_0955_jpg.rf.71692360648e949bf5fddf96f6e4890e.jpg, 1, 0, 0, 1, 0
ppe_0712_jpg.rf.6fa34dca709df5621577ba710d5a1780.jpg, 1, 0, 0, 0, 0
ppe_0301_jpg.rf.6c1e6cefee267246a7286398f12138c5.jpg, 1, 0, 0, 1, 1
ppe_0927_jpg.rf.7005b51278f201a316859e97d9cd9d14.jpg, 1, 0, 0, 1, 1
ppe_0540_jpg.rf.72ebf0197dedb6924607d86b2802677c.jpg, 1, 0, 1, 1, 1
ppe_1134_jpg.rf.706d6a2278c04454ad653a74261603fb.jpg, 1, 0, 1, 1, 0
ppe_1192_jpg.rf.732afd2b5e39b356264ddebed303f41d.jpg, 1, 0, 1, 1, 0
ppe_0168_jpg.rf.7477e8d2c1529c8f608e321c7498041c.jpg, 1, 0, 1, 1, 1
ppe_1328_jpg.rf.740df2a101f90ca866872f16969b72c4.jpg, 1, 0, 1, 1, 0
ppe_0974_jpg.rf.750b18ed8a01aa34b9daf38a23e0e44e.jpg, 1, 0, 1, 1, 1
ppe_0875_jpg.rf.7567890117bebd1e06ba90b787420283.jpg, 1, 0, 0, 1, 1
ppe_1051_jpg.rf.753d6075ad91b8b7a9bf9afe78171c33.jpg, 1, 0, 1, 1, 0
ppe_0178_jpg.rf.79ba5130178489ddad3d17b5b6b72900.jpg, 1, 0, 0, 1, 1
ppe_1260_jpg.rf.797c44ad6ff7d87c38a3f2bae4963397.jpg, 1, 0, 0, 1, 1
ppe_1323_jpg.rf.793ca5235bc094f10e77831dd3d0f918.jpg, 1, 0, 0, 1, 1
ppe_0179_jpg.rf.7922b2fe4a32cdb506dc6fef29630e6a.jpg, 1, 0, 0, 1, 1
ppe_0215_jpg.rf.76fa00de960f36db4e51053f90c8584e.jpg, 1, 0, 0, 1, 1
ppe_0453_jpg.rf.7a1ae2346a0fee75e9edd3da1a48d187.jpg, 1, 0, 1, 1, 0
ppe_0582_jpg.rf.7ae647b65e53f3207fd5b7fee33455fe.jpg, 1, 0, 1, 1, 0
ppe_1124_jpg.rf.7af0a41693974bb73cc0ad53fcb45d92.jpg, 1, 0, 1, 1, 0
ppe_0971_jpg.rf.7a3fb2a23104c463fa736ce4534b2fcb.jpg, 1, 0, 1, 1, 0
ppe_0835_jpg.rf.79facf63457787261e6f6c3c32e93361.jpg, 1, 0, 1, 1, 0
ppe_0240_jpg.rf.773b88ca8b30a9201241cfa5368184fe.jpg, 1, 0, 0, 1, 1
ppe_0420_jpg.rf.7a4f2c74fc29aa4076c612feea73af71.jpg, 1, 0, 0, 1, 0
ppe_0864_jpg.rf.77d37ed0a741920a142cd1e6ea8cefbc.jpg, 1, 0, 0, 1, 1
ppe_1171_jpg.rf.7b3624de41e4ea5186e928e5d4f94eb9.jpg, 1, 0, 0, 1, 1
ppe_1063_jpg.rf.7aac3a716499dcf7918bc9d22f881282.jpg, 1, 0, 0, 1, 0
ppe_0360_jpg.rf.76ca1c5b05dc1ecc8c8055a38e4d8843.jpg, 1, 0, 0, 0, 0
ppe_0625_jpg.rf.7d0bb22b082550afe948f54c8db570b9.jpg, 0, 1, 0, 1, 1
ppe_0484_jpg.rf.7a920a726cbf0bf12892af2f139a60e9.jpg, 1, 0, 1, 1, 0
ppe_0416_jpg.rf.75ba0a82b741aa49e7f7c1e6a3a0bf73.jpg, 0, 1, 0, 1, 1
ppe_1073_jpg.rf.788c2b15dec3d003ae2c96661a906be4.jpg, 1, 0, 0, 1, 1
ppe_0113_jpg.rf.7c6c9d2bd3bcd1e0260489ad2c5b3308.jpg, 1, 0, 1, 1, 0
ppe_0387_jpg.rf.7b086a3aa5d9000cf91d0142585167c0.jpg, 1, 0, 0, 1, 1
ppe_1242_jpg.rf.76c0ad5efb56a71c9d49ab041578d739.jpg, 1, 0, 0, 1, 0
ppe_0051_jpg.rf.75ebff13e6ad7387f712192ef4d87f7a.jpg, 1, 0, 0, 1, 1
ppe_0269_jpg.rf.7db667b7309967e41bcf1da795d3f1b7.jpg, 1, 0, 0, 1, 1
ppe_0644_jpg.rf.7b2b4d06b199a8e9004a0ced70a6ba53.jpg, 1, 0, 0, 1, 1
ppe_1183_jpg.rf.7e96140a3dbde24bb3c2a0a586c44913.jpg, 1, 0, 1, 1, 0
ppe_0562_jpg.rf.7d8e457de47de14ebe2d4acf8651d0cc.jpg, 1, 0, 1, 1, 0
ppe_0748_jpg.rf.7c50365f65e8fbdd0eefb7812b1d5372.jpg, 1, 0, 0, 1, 1
ppe_1028_jpg.rf.7eb0c086ef5949596652de15b1ed2b3d.jpg, 1, 0, 0, 1, 1
ppe_0842_jpg.rf.7e8b166ba9b14a37753b77d4291bdcb6.jpg, 1, 0, 0, 1, 1
ppe_0226_jpg.rf.7c86843fe1cfa80f15c56d4654a98827.jpg, 1, 0, 0, 1, 1
ppe_0057_jpg.rf.7c89bf9f3e58700ce12a87dd1a53096e.jpg, 1, 0, 0, 1, 1
ppe_1011_jpg.rf.73b22f1bb1795449a1931ad3e7ff83e4.jpg, 1, 0, 0, 1, 1
ppe_0066_jpg.rf.8010d5f2391db3be9d08d70d4b470dc9.jpg, 1, 0, 0, 1, 1
ppe_0739_jpg.rf.7c4d50440ba172d4bd47642374e99f8d.jpg, 1, 0, 0, 1, 1
ppe_1329_jpg.rf.7caabf0522deee71b0ef817a5ff8f060.jpg, 1, 0, 0, 1, 0
ppe_0627_jpg.rf.7f91007b181aac238054837e7cc1ed7c.jpg, 1, 0, 0, 1, 1
ppe_1176_jpg.rf.7fa14b32ee697176a173dd7a70c71174.jpg, 1, 0, 0, 1, 1
ppe_0733_jpg.rf.8041394aeb10dbbea23d384aedc82fc9.jpg, 1, 1, 1, 1, 0
ppe_1015_jpg.rf.7ebbfe2e0bcfc96eae80bd96625df430.jpg, 1, 0, 1, 1, 0
ppe_1105_jpg.rf.805d57963750a82fc459b2dbedc19b84.jpg, 1, 0, 0, 1, 1
ppe_1231_jpg.rf.80889f82514ffd3b9e212c0c31f7f329.jpg, 1, 0, 0, 1, 0
ppe_1277_jpg.rf.7fd112784aea67fe5641368fe128ca1c.jpg, 1, 0, 1, 1, 0
ppe_0189_jpg.rf.81046ebc0e4a9f3c887a19913da0b999.jpg, 1, 0, 0, 1, 0
ppe_0531_jpg.rf.84f85911fb2e228051921150c74103c4.jpg, 1, 0, 0, 1, 1
ppe_0318_jpg.rf.81af8e9d2d0a5da30fd2668d07a9b104.jpg, 1, 0, 0, 1, 1
ppe_0206_jpg.rf.884960cb79755d6cc93bf5d8246ef13a.jpg, 1, 0, 1, 1, 1
ppe_0969_jpg.rf.826348a58916554edc558191322ddfa9.jpg, 1, 0, 0, 1, 0
ppe_0161_jpg.rf.8617c5bccfe83051e2a3b92cf8a3df25.jpg, 1, 0, 1, 1, 0
ppe_1077_jpg.rf.812cfc1d26138237ef29c4c4049cad0d.jpg, 1, 0, 0, 1, 1
ppe_0352_jpg.rf.83bab9a7f1ff7d6359130ab5d818aea0.jpg, 1, 1, 1, 1, 0
ppe_1103_jpg.rf.85d6687b9eaa7170f507671e7f76db07.jpg, 1, 0, 1, 1, 0
ppe_1001_jpg.rf.85e454ce17663a27bfa164acf44abfa5.jpg, 1, 0, 0, 1, 0
ppe_0029_jpg.rf.82c2e47f47d81b61f6f5665f4d20c347.jpg, 1, 0, 0, 1, 1
ppe_0174_jpg.rf.8361157e117bd6d7342934665c5dec78.jpg, 1, 0, 0, 1, 1
ppe_0640_jpg.rf.85163ca387afbd8d0e8332b96af6a53a.jpg, 1, 1, 0, 1, 1
ppe_0907_jpg.rf.887613d9bc5824bc8c1d777fcc39576b.jpg, 1, 0, 0, 1, 0
ppe_0914_jpg.rf.833d388448a4944e33c412fa2ae48aa3.jpg, 1, 0, 0, 1, 1
ppe_1019_jpg.rf.8300edd00ac78525d6ad60c5930f336e.jpg, 0, 0, 0, 1, 0
ppe_0297_jpg.rf.8795b2ee71e23cb03d8a3b54e0a66087.jpg, 1, 0, 0, 1, 1
ppe_1191_jpg.rf.87ca4c5cd77abac80c96cbc68fa4b813.jpg, 1, 0, 1, 1, 0
ppe_0315_jpg.rf.84fdf422c6e4ce6c0fe7c183d7f72f30.jpg, 1, 0, 0, 1, 1
ppe_1004_jpg.rf.85b1e36fe27c556859c83dc4de5ec4a2.jpg, 1, 0, 0, 1, 0
ppe_0411_jpg.rf.83b5ef2d80a5280042945a1da5880566.jpg, 1, 0, 1, 1, 0
ppe_0765_jpg.rf.887aff0e35e20a35f788831c9a305bea.jpg, 1, 0, 0, 1, 1
ppe_1052_jpg.rf.84c27c58454462b309336a43ede4cc69.jpg, 1, 0, 0, 1, 1
ppe_0489_jpg.rf.841f1b81a4ee6ada56515d45fb309c8f.jpg, 1, 0, 0, 1, 1
ppe_0150_jpg.rf.86c3ac6458011fb68d7ef90b846a74af.jpg, 1, 0, 0, 1, 1
ppe_0618_jpg.rf.8b0aec5b1f60b4bc17eb5443ef7c57fc.jpg, 1, 0, 0, 1, 1
ppe_0098_jpg.rf.8640e3379a63b53d9df0d5c11b009921.jpg, 1, 0, 0, 1, 1
ppe_1255_jpg.rf.8b60a5662ba0e9fe4bde76b4b64be007.jpg, 1, 0, 0, 1, 0
ppe_0799_jpg.rf.8a150e6292b602dca288aca20e3bffdc.jpg, 1, 0, 1, 1, 0
ppe_0676_jpg.rf.8b89902666b608d09c536f85f1baaa2c.jpg, 1, 0, 0, 1, 1
ppe_0369_jpg.rf.8d8a3b826ed83cdb7fb53921ad2a98bb.jpg, 1, 0, 0, 1, 1
ppe_0645_jpg.rf.88fd11cb6539b050d678852f2762e9ab.jpg, 1, 0, 0, 1, 0
ppe_0368_jpg.rf.8a2a08cae7a8a37b9da29bb4f7ac5884.jpg, 1, 0, 0, 1, 1
ppe_0600_jpg.rf.8fda6e7fcee99b0458bc29191510646d.jpg, 1, 0, 1, 1, 0
ppe_0165_jpg.rf.8e7c1a0af33054428a10654c3aa91430.jpg, 1, 0, 0, 1, 1
ppe_0505_jpg.rf.8dd956b8cc692010b7660a055575e744.jpg, 1, 0, 1, 1, 0
ppe_0820_jpg.rf.8c18be4298177db739f3d3fdad71f46a.jpg, 1, 0, 1, 1, 0
ppe_0526_jpg.rf.8cb3e634078088177a94675cd1c66048.jpg, 1, 0, 1, 1, 0
ppe_0048_jpg.rf.8c96499598e730484a564b4751ade4ed.jpg, 1, 0, 0, 1, 1
ppe_1258_jpg.rf.8ae85d97b41abf4b774db048d138aa0f.jpg, 0, 1, 0, 1, 1
ppe_0358_jpg.rf.8c977a95e70a1358884802ecbe97e23c.jpg, 1, 0, 0, 0, 0
ppe_1283_jpg.rf.8e4897f26fd6614006aafa43274f0524.jpg, 1, 0, 0, 1, 1
ppe_0137_jpg.rf.8eeb8d75319324b2c37d774819cd61ab.jpg, 1, 0, 0, 1, 1
ppe_1311_jpg.rf.903574d3b970b5f89455a2cbf2bd470f.jpg, 1, 0, 1, 1, 0
ppe_0879_jpg.rf.919dc1f164a960ce614ec2868d8e84f0.jpg, 1, 0, 1, 1, 0
ppe_0938_jpg.rf.8eec6bafd26fa5c343ddc765d6c22b9e.jpg, 1, 0, 1, 1, 1
ppe_1148_jpg.rf.8bd5ce8ef7d6c8fe496a10723329f754.jpg, 1, 0, 1, 1, 1
ppe_0083_jpg.rf.90be02c438e2d42ccbbe440c6a01ae43.jpg, 1, 0, 0, 1, 1
ppe_0777_jpg.rf.8ce3dcb69c93f4a36ff10153b777099d.jpg, 1, 0, 0, 1, 1
ppe_0985_jpg.rf.8f74fa12bebd1abb2e5daae4374e9bda.jpg, 1, 0, 0, 1, 1
ppe_1319_jpg.rf.8f5bc555148d884cd6d3eef0ddae9b4c.jpg, 0, 0, 1, 1, 1
ppe_0708_jpg.rf.90998ff430983592673c57121aa11545.jpg, 1, 0, 0, 1, 1
ppe_0169_jpg.rf.914af56c343e7afaca0f492d7bdb8bd5.jpg, 1, 0, 0, 0, 0
ppe_1053_jpg.rf.91af8fcdcc275d22986a2592de23c15f.jpg, 1, 0, 0, 1, 1
ppe_0031_jpg.rf.919d2f81449ce8119aea410409421bef.jpg, 1, 0, 0, 1, 1
ppe_1144_jpg.rf.919e48cb227727874ee260ae733e3475.jpg, 1, 0, 1, 1, 0
ppe_0462_jpg.rf.96e3537fe2b326dc294e475d64fdb2cd.jpg, 1, 0, 0, 1, 0
ppe_1233_jpg.rf.963537d6c57a2392d412a662d0a1fadd.jpg, 1, 0, 0, 1, 0
ppe_0109_jpg.rf.935e38cd069901f4b6a637c36e0600ec.jpg, 1, 0, 1, 1, 0
ppe_1298_jpg.rf.95b7d8c22641120df302c58a10d6afcd.jpg, 1, 0, 0, 1, 1
ppe_0103_jpg.rf.9572393de727c4134fc3a588e469837a.jpg, 1, 0, 1, 1, 0
ppe_0798_jpg.rf.972eeebfd84caf1f8f508295088efed3.jpg, 1, 0, 0, 1, 1
ppe_1301_jpg.rf.970b0a4fa99883e9e6346c966c901b0e.jpg, 1, 0, 0, 1, 1
ppe_0474_jpg.rf.96dbbc1cb0b791e7acf0ed8e135c4d8c.jpg, 1, 0, 1, 1, 0
ppe_0001_jpg.rf.9508b03e3510a77a76fd74c9fe7441c9.jpg, 1, 0, 1, 1, 1
ppe_0395_jpg.rf.927ffd061c8a8323fbcc54baa4e4fdda.jpg, 1, 1, 1, 1, 1
ppe_1206_jpg.rf.964ed89c464871ee3c29687d63baa965.jpg, 1, 0, 0, 1, 1
ppe_0382_jpg.rf.942a4eda0140f3f37432cef93fec19f4.jpg, 1, 0, 0, 1, 1
ppe_1120_jpg.rf.98a2338e199507069616ed1f737240a0.jpg, 1, 0, 0, 1, 0
ppe_0794_jpg.rf.96d385b5c83527591207f74002126826.jpg, 1, 0, 0, 1, 1
ppe_0050_jpg.rf.96ce5404b83a96c3e64e03802105491a.jpg, 1, 0, 0, 1, 1
ppe_1217_jpg.rf.973794df0325152a329745d45a73dacf.jpg, 1, 0, 0, 1, 1
ppe_1210_jpg.rf.9781ef333a6b56455ef6bfbc7d8bffea.jpg, 1, 0, 1, 1, 0
ppe_0108_jpg.rf.98a6136e18952ecbd38a67075841a3da.jpg, 1, 0, 0, 1, 1
ppe_1194_jpg.rf.985ca6e29b004cc427ddc1dd422c3100.jpg, 1, 0, 0, 1, 1
ppe_1142_jpg.rf.980d69e6c1e265844805b9dc83a70bc6.jpg, 1, 0, 0, 1, 1
ppe_0292_jpg.rf.98cffd8a354455bb7ecf0518b931bca4.jpg, 0, 1, 0, 1, 1
ppe_0649_jpg.rf.9797050b4c3cec839c6fd7b1ad6adfb1.jpg, 1, 0, 1, 1, 0
ppe_0580_jpg.rf.974ce380fa68368d23c9a2b5b177f024.jpg, 1, 0, 0, 1, 1
ppe_0339_jpg.rf.9a299d6a0e100b8bbe05c17f1e7db76b.jpg, 1, 0, 0, 1, 1
ppe_0685_jpg.rf.993ad9f0b3daf93bbbc1e80438b63a4a.jpg, 1, 0, 0, 1, 1
ppe_0030_jpg.rf.9981884b148ffbfd982f2ad6dc13ed69.jpg, 1, 0, 1, 1, 0
ppe_0471_jpg.rf.96db1057e111bcf0c48a4d5403c73ca8.jpg, 1, 0, 0, 1, 1
ppe_1284_jpg.rf.99318f8bc68b10487c2aea091fc0583f.jpg, 0, 0, 0, 1, 0
ppe_0742_jpg.rf.99ef269d411a3df5a92585e44d0038cc.jpg, 1, 1, 1, 1, 0
ppe_0771_jpg.rf.98a946e226b22caf299cb67b43c2b1e8.jpg, 1, 0, 1, 1, 0
ppe_0264_jpg.rf.9a234a3a073693cdf1add38cc5aa6b45.jpg, 1, 0, 0, 1, 1
ppe_0994_jpg.rf.9ccbfd89b9534b506460418605eee69a.jpg, 1, 0, 0, 1, 1
ppe_0023_jpg.rf.9d635fa1ef3039cf98b05874a9871afd.jpg, 1, 0, 1, 1, 1
ppe_0572_jpg.rf.9ba397314bed2bc693631c8a9f1feb69.jpg, 1, 1, 1, 1, 0
ppe_0217_jpg.rf.9b5be110c19838a32749d0f4f41de651.jpg, 1, 0, 1, 1, 0
ppe_0554_jpg.rf.992fe156e3aa21a6bc83a9484334bc6a.jpg, 1, 0, 0, 1, 0
ppe_0278_jpg.rf.9a7c6d9c75563aed2cda38beb221d5d7.jpg, 1, 0, 0, 1, 1
ppe_0015_jpg.rf.998d6126b64e4094348dd76ad5c74cf9.jpg, 1, 0, 1, 1, 0
ppe_0802_jpg.rf.9b1516945d4bbaa579d0f81db3b86dde.jpg, 1, 0, 0, 1, 1
ppe_0593_jpg.rf.98ff8c7ed72c136090153d8256bb4786.jpg, 1, 0, 0, 1, 1
ppe_0019_jpg.rf.9bcc85da030b1da80447efad78e35e29.jpg, 1, 0, 1, 1, 0
ppe_1122_jpg.rf.9c99a361fc29eb106d7f7a7a88be7838.jpg, 1, 0, 0, 1, 1
ppe_0115_jpg.rf.9d7fed0793f7d94b97e5f28d3396ca8e.jpg, 1, 0, 0, 1, 1
ppe_0726_jpg.rf.98e71b5b9a19d51d52fce219a83d61f2.jpg, 1, 0, 0, 1, 1
ppe_1188_jpg.rf.9c59147a2b879ec133afc3daf1873033.jpg, 1, 0, 0, 1, 0
ppe_0754_jpg.rf.9f49dddeb8c946f6c998f7e20ac2a4e0.jpg, 1, 0, 1, 1, 0
ppe_0814_jpg.rf.9f1505414d744b13bbab01089585c0fc.jpg, 1, 0, 0, 1, 1
ppe_0143_jpg.rf.a0ff7c611a5ba9a4c07ed24fe15d8de7.jpg, 1, 0, 0, 1, 1
ppe_0977_jpg.rf.9a64a0b908b26fd0b2e4464fee10b04d.jpg, 1, 0, 0, 1, 1
ppe_1030_jpg.rf.9b74777bf89412eadffb7385d536bba5.jpg, 0, 0, 0, 1, 1
ppe_0606_jpg.rf.a1c969c538382db692aca29b546f87c2.jpg, 1, 0, 1, 1, 0
ppe_0405_jpg.rf.a1356c2fd9e5e8de8bf9005d18a25e68.jpg, 1, 0, 0, 1, 1
ppe_0007_jpg.rf.9f6161d58cfa51eebe4e5933a1f9833e.jpg, 1, 0, 0, 1, 0
ppe_0432_jpg.rf.9ef4d0a703c35eb6fc17f193da94f73d.jpg, 1, 0, 1, 1, 0
ppe_1109_jpg.rf.9d962fccb3a1608698c26d5f526cec08.jpg, 1, 0, 0, 1, 0
ppe_1300_jpg.rf.a090b1e1b61f39d7b2195ec05bbf1795.jpg, 0, 0, 0, 1, 0
ppe_1095_jpg.rf.a25320288c2d46bab2399635c3d2d80c.jpg, 1, 0, 0, 1, 0
ppe_1139_jpg.rf.a226710c3df82ae21a9042976b2f9bfe.jpg, 1, 0, 0, 1, 1
ppe_1034_jpg.rf.a051428e6b6034700455786b2c2255f1.jpg, 1, 0, 0, 1, 1
ppe_0310_jpg.rf.a2b9961e82b735f9b022f65351eb7407.jpg, 1, 0, 0, 1, 1
ppe_1240_jpg.rf.9ee6d1e595314b2db2aa624cb5ccf194.jpg, 1, 0, 1, 1, 0
ppe_1245_jpg.rf.9fc6ad7b58e0d408d548f814af920aee.jpg, 1, 0, 1, 1, 0
ppe_0811_jpg.rf.a0319c716d5cc9689ac7314d589e5b65.jpg, 0, 0, 0, 1, 1
ppe_1169_jpg.rf.9e5db34be980697915e0e22d7dffb307.jpg, 1, 0, 1, 1, 0
ppe_0263_jpg.rf.a206868ff6458f8145501539d66388a1.jpg, 1, 0, 1, 1, 0
ppe_1296_jpg.rf.a05ee549fcc7d12450630bbf4d8d5b66.jpg, 1, 0, 0, 1, 0
ppe_0131_jpg.rf.a30f3407743547b2e5fae2291dbaad64.jpg, 1, 1, 1, 1, 1
ppe_1093_jpg.rf.a2e7e7452a043292c22467190d0faa22.jpg, 1, 0, 0, 1, 0
ppe_0198_jpg.rf.a2d6540edc5880f127054e382d92768a.jpg, 1, 0, 0, 1, 1
ppe_0107_jpg.rf.a2bb8a06caa43555220b3bd8dabc5997.jpg, 1, 0, 1, 1, 0
ppe_0419_jpg.rf.a031fed76c018cf4ecace414d5c90997.jpg, 1, 0, 1, 1, 0
ppe_0738_jpg.rf.a52d605fddb2634c9543822466936306.jpg, 1, 0, 0, 1, 1
ppe_1003_jpg.rf.a3b3cca34558aa2364d1e6a22b5c235e.jpg, 1, 0, 1, 1, 0
ppe_0124_jpg.rf.a36c9e6afeed1fca0a2613834bc5dead.jpg, 1, 0, 1, 1, 0
ppe_0843_jpg.rf.a3e715071f04c3a2a8c341aecd6a825c.jpg, 1, 0, 0, 1, 1
ppe_0620_jpg.rf.a2e1177c8795d6b7161b0a22d35ff187.jpg, 1, 0, 1, 1, 0
ppe_0684_jpg.rf.a321c0feec3cc6c83275001096d57a42.jpg, 1, 0, 0, 1, 1
ppe_0417_jpg.rf.a37f77d3f80dcca6b80e7dadcd8ed591.jpg, 1, 0, 0, 1, 1
ppe_1158_jpg.rf.9f6dd715499c3cfaa5ab8d8cda26fc30.jpg, 1, 0, 1, 1, 1
ppe_0361_jpg.rf.a59547448e0dc85bdf6f6142faade647.jpg, 1, 0, 0, 1, 1
ppe_1312_jpg.rf.a5637e6985e1bb1dbb31baa6c47d3923.jpg, 1, 0, 1, 1, 0
ppe_0506_jpg.rf.a5c1ff977b283513aa0a00598de32d66.jpg, 1, 0, 0, 1, 1
ppe_0622_jpg.rf.a590c134b81c7aad8c269aa8a0e9a16d.jpg, 1, 0, 1, 1, 1
ppe_0636_jpg.rf.a579ce08f3ab37cabe466a7535fc2775.jpg, 1, 0, 0, 1, 1
ppe_1220_jpg.rf.a5859aa1752ab13414fde36b789277c0.jpg, 0, 1, 1, 1, 0
ppe_0854_jpg.rf.a59997bcf78484b6d395a249cb8095df.jpg, 1, 0, 0, 1, 1
ppe_1068_jpg.rf.a4c4bede0034cbd626c2a63e967022ec.jpg, 1, 0, 0, 1, 1
ppe_0905_jpg.rf.a85172a7e577415c61ccfb0b9def370b.jpg, 1, 0, 0, 1, 1
ppe_0973_jpg.rf.9fb1ac1d1ce3bed8f867b3ee3d3ebb85.jpg, 1, 0, 1, 1, 0
ppe_0207_jpg.rf.a86ce5a5a169c9a23b7fd4fe068c4537.jpg, 1, 0, 0, 1, 1
ppe_0230_jpg.rf.a7f1e4d8fc0adec37f81d8f961aad372.jpg, 1, 0, 1, 1, 0
ppe_1069_jpg.rf.a796ef68ca281fe128b414b2e8ae54cb.jpg, 1, 0, 1, 1, 0
ppe_0512_jpg.rf.a687b328719e11f5441c0316092ce047.jpg, 1, 0, 0, 1, 1
ppe_0616_jpg.rf.a8e15f4adbf83facbf6a4629e9f54dea.jpg, 1, 0, 1, 1, 0
ppe_0307_jpg.rf.a951b923b5b94766d65b1b84a52bb30f.jpg, 1, 0, 0, 1, 1
ppe_0747_jpg.rf.a8c754c30daf5e994abb62d501cc7912.jpg, 1, 1, 1, 1, 0
ppe_0610_jpg.rf.a926fb29c5f0adb30dc694fd9ae695bd.jpg, 1, 1, 1, 1, 0
ppe_0152_jpg.rf.a7b00167c57afeef152d6718ddc3c9d2.jpg, 1, 0, 1, 1, 0
ppe_0668_jpg.rf.a9698369bed4930946fa5a453f60b2fe.jpg, 1, 0, 0, 1, 1
ppe_1215_jpg.rf.a6e17820081bba1ba6a3b9e719a258c6.jpg, 1, 0, 1, 1, 0
ppe_1017_jpg.rf.a7e6da11ca84cd7c87f9c6ac55073a5e.jpg, 1, 0, 1, 1, 0
ppe_0821_jpg.rf.a8cd4df6e2d68e679ddd0f4eece923b4.jpg, 1, 0, 1, 1, 0
ppe_0496_jpg.rf.a898fe23e13842ca14f6299b1e7c097a.jpg, 1, 0, 0, 1, 1
ppe_1085_jpg.rf.00c421f814b23ddeedaf251dfe01f9f0.jpg, 1, 0, 0, 1, 1
ppe_1108_jpg.rf.0075b17561eae504ccb6a01ec9001eab.jpg, 1, 0, 0, 1, 0
ppe_1009_jpg.rf.02cb641ca643c97f42feae889ed9099f.jpg, 1, 0, 0, 1, 0
ppe_0503_jpg.rf.00eab73e719d89c05a73a1dd6793f269.jpg, 1, 0, 0, 1, 1
ppe_1256_jpg.rf.0264912bef9ff5369e48af09f17d41e4.jpg, 1, 0, 0, 1, 1
ppe_1250_jpg.rf.02e867f97426c38a8107aecc056cf1a3.jpg, 1, 0, 1, 1, 0
ppe_1218_jpg.rf.00306fb8be72e792d7c90b1e387cc043.jpg, 0, 0, 0, 1, 0
ppe_0270_jpg.rf.02e23d02100423095e626c04defd3387.jpg, 1, 0, 1, 1, 1
ppe_1152_jpg.rf.02849e02851bab870ffe8f4106e32049.jpg, 1, 0, 1, 1, 0
ppe_1054_jpg.rf.0384a71eab39dc3a5fea96d7bb4055e4.jpg, 1, 0, 0, 1, 1
ppe_0970_jpg.rf.038612ce6a00784bfc7c128357bf5364.jpg, 0, 0, 0, 1, 0
ppe_0232_jpg.rf.02af81a3be3532100bd7d2f2978c728a.jpg, 1, 0, 1, 1, 0
ppe_0213_jpg.rf.03143a45676cbf26b23a12b23a628bb5.jpg, 1, 0, 0, 1, 1
ppe_0046_jpg.rf.0388d8102c520a591e1124323eadaf6b.jpg, 1, 0, 1, 1, 0
ppe_1268_jpg.rf.01472688ce86504ae5189942cecddda2.jpg, 1, 0, 0, 1, 1
ppe_0288_jpg.rf.072c1109bb57bf29463d1a1e0fd949a2.jpg, 1, 0, 0, 1, 1
ppe_1088_jpg.rf.0677d677e865dd8198012e522e29087e.jpg, 1, 0, 1, 1, 0
ppe_0492_jpg.rf.03dbbcaade0a3d9e49c6435afb7a7cd0.jpg, 1, 0, 1, 1, 1
ppe_0055_jpg.rf.055195d79a1dd5aa8e902bdc7011c193.jpg, 1, 0, 1, 1, 0
ppe_0054_jpg.rf.0452464f9b688195cf4e230af80df9d1.jpg, 1, 0, 1, 1, 0
ppe_0707_jpg.rf.072735da038cf2f4a3c85006741ea82c.jpg, 1, 0, 1, 1, 1
ppe_1098_jpg.rf.0602f1d1e16c1ed3c09069dd2f94f9ac.jpg, 1, 0, 0, 1, 0
ppe_0430_jpg.rf.05ec8e7b93b475355616ba3f011085b2.jpg, 1, 0, 0, 1, 1
ppe_0221_jpg.rf.05562ca43b26da263137c7b87bf328aa.jpg, 1, 0, 1, 1, 0
ppe_1313_jpg.rf.0465a15858d3f3c8830fed74d85c2d43.jpg, 1, 0, 1, 1, 0
ppe_0183_jpg.rf.064a1d5ba0c5ff6ec53f88076adc4b20.jpg, 1, 0, 0, 1, 1
ppe_0837_jpg.rf.0629962a2610c29bd3d25030a7c5fdcd.jpg, 1, 0, 0, 1, 1
ppe_0530_jpg.rf.05245545bdf67d76248d9dcb113f0a56.jpg, 1, 0, 1, 1, 0
ppe_0677_jpg.rf.077b7c2f7eddb4df15487094e48bf93a.jpg, 1, 0, 0, 1, 1
ppe_0954_jpg.rf.094946ccecd453897dc610f04b420b20.jpg, 1, 0, 0, 1, 1
ppe_1033_jpg.rf.04d510e329af94209d3c2bbef9d2d2b2.jpg, 1, 0, 1, 1, 0
ppe_0790_jpg.rf.0938253dbeb230f9d5de3483993e0d67.jpg, 1, 0, 1, 1, 0
ppe_1281_jpg.rf.0902ac49cd5bd8179cefcd0a0b430dcf.jpg, 1, 0, 0, 1, 0
ppe_0810_jpg.rf.097dd3fd470478ec5d3e05ad8add6b0c.jpg, 1, 0, 0, 1, 0
ppe_0443_jpg.rf.07236633be7a2bacad0bb2c8d324db4b.jpg, 1, 0, 1, 1, 1
ppe_0121_jpg.rf.059833e695e787beb35e6c65ed3a508f.jpg, 1, 0, 0, 1, 1
ppe_0092_jpg.rf.0a0aa29447fe037a361a6360c772bc0a.jpg, 1, 0, 1, 1, 0
ppe_0238_jpg.rf.0a5efaa1a00988b2311047a38f5513a3.jpg, 1, 0, 0, 1, 1
ppe_1175_jpg.rf.09a7a52199d661c7b84c0f52c228f636.jpg, 1, 0, 0, 1, 1
ppe_0892_jpg.rf.0b1e73e49d4d32ad50ecfc99848f5605.jpg, 1, 0, 0, 1, 0
ppe_1221_jpg.rf.0ccc9e694ae74c93b0a53010a77f7cad.jpg, 1, 0, 1, 1, 0
ppe_1151_jpg.rf.0b563abcb67f55986ba11e5f0c95f5f9.jpg, 1, 0, 1, 1, 0
ppe_0787_jpg.rf.03f6b82816597cba8b104c35e678d110.jpg, 1, 0, 1, 1, 0
ppe_0888_jpg.rf.089b96aeaf7613b5ff453f9343b98bac.jpg, 1, 0, 0, 1, 1
ppe_0871_jpg.rf.0a2e7f544b9dc55700d13f06bc9186e4.jpg, 1, 0, 0, 1, 1
ppe_0504_jpg.rf.0b9cc30111deccc6e7de002efcc34096.jpg, 1, 0, 0, 1, 1
ppe_0752_jpg.rf.0883f80d05357dad67681f4de2943fa5.jpg, 1, 0, 1, 1, 0
ppe_0273_jpg.rf.0d7a3dfd370234154f637d4d05ff17d3.jpg, 1, 0, 0, 1, 0
ppe_0687_jpg.rf.0b7a4d57227c99d0994d9227954c0e0d.jpg, 1, 0, 0, 1, 1
ppe_0266_jpg.rf.0d18f9aefc6b98a9308a536597ac38e0.jpg, 1, 0, 1, 1, 0
ppe_0829_jpg.rf.0d2af2a376182651a42fec07fba744ce.jpg, 1, 0, 1, 1, 0
ppe_0775_jpg.rf.0c3648944d987fb0326efac9ff8e9c36.jpg, 1, 0, 1, 1, 0
ppe_0053_jpg.rf.0df457e1449bdc99d7d79b8ed4f58de3.jpg, 1, 0, 0, 1, 1
ppe_0772_jpg.rf.0e47baea51dcc992c8ee9419ee9909cf.jpg, 1, 0, 0, 1, 1
ppe_1123_jpg.rf.0bc80a4de0158b6de67b59aba8cad38a.jpg, 1, 0, 0, 1, 0
ppe_0912_jpg.rf.0d71c7faac331155d62b3e225a0b9ada.jpg, 1, 0, 0, 1, 0
ppe_0356_jpg.rf.0d5ff0b48476e2e7583dacbfc8290d5e.jpg, 1, 0, 0, 1, 0
ppe_0228_jpg.rf.0e8377d520039dded830bb8af3cee211.jpg, 1, 0, 0, 1, 1
ppe_0497_jpg.rf.0dc12b89077454cc4ffba1c84b32726d.jpg, 1, 0, 0, 1, 1
ppe_0833_jpg.rf.0cedb20ec8f4e39bea2d9d6768d4997f.jpg, 1, 0, 0, 1, 1
ppe_0486_jpg.rf.0e6f1333f828be26e1882736eb33ed8c.jpg, 1, 0, 0, 1, 1
ppe_0665_jpg.rf.0fedb9a3c634decdefa50f038adc905d.jpg, 1, 1, 1, 1, 1
ppe_0394_jpg.rf.0f7e1a1ac529c0f836e0eb7366e1ed9d.jpg, 1, 0, 0, 1, 1
ppe_0866_jpg.rf.0f92ed64ab85609a5ceaeb60b2087b70.jpg, 1, 0, 1, 1, 0
ppe_0091_jpg.rf.109a07f951366869b3c4a42360d8e599.jpg, 1, 0, 0, 1, 0
ppe_1272_jpg.rf.1100b7f7790c5292d5f35facb92ec702.jpg, 1, 0, 1, 1, 0
ppe_0465_jpg.rf.14d755d59f8aa10ffb1150d4f6673f77.jpg, 1, 0, 1, 1, 0
ppe_1270_jpg.rf.153682b92eb118fe97c042bf6d216595.jpg, 1, 0, 1, 1, 0
ppe_0173_jpg.rf.132fecb7d02eec47fb6f236dee5bbca6.jpg, 1, 0, 1, 1, 0
ppe_1097_jpg.rf.15bb7f09097cb68ffc0e12c342a37106.jpg, 1, 0, 0, 1, 0
ppe_0632_jpg.rf.12b2addb0a02d4b982953f97a9b0b34e.jpg, 1, 0, 0, 1, 0
ppe_1292_jpg.rf.1427ed622cc517ba4b6dbcca7b34070e.jpg, 1, 0, 1, 1, 0
ppe_0239_jpg.rf.1041703971deadb39cdd5e4135da9b13.jpg, 1, 0, 1, 1, 0
ppe_0428_jpg.rf.172732a6aa75ef7c5bcad1a381aa2ad2.jpg, 1, 0, 0, 1, 1
ppe_0469_jpg.rf.15de1a4844661ae8806e0bfed3861834.jpg, 1, 0, 0, 1, 1
ppe_0135_jpg.rf.10fd6ba2e6fe0738e1c816c722ffa1dd.jpg, 1, 0, 0, 1, 1
ppe_0896_jpg.rf.17284018a9e146c7b7e1d916e620e548.jpg, 1, 0, 0, 1, 0
ppe_0326_jpg.rf.167d8b76b04a78c21427a5dd97b2d5cb.jpg, 1, 0, 0, 1, 1
ppe_1049_jpg.rf.163381776bf23792cd1d0149295d6305.jpg, 1, 0, 0, 1, 1
ppe_1189_jpg.rf.13d469b20f7eca3aed5b94465f2312ce.jpg, 1, 0, 0, 1, 0
ppe_0514_jpg.rf.145892abe1115723cc03280a8636d139.jpg, 1, 0, 0, 1, 1
ppe_1257_jpg.rf.12863d8d1d99984be558f7600a3575eb.jpg, 1, 0, 1, 1, 0
ppe_1280_jpg.rf.18e622dc1da5b5d1ad141726c3fadb99.jpg, 1, 0, 1, 1, 0
ppe_1106_jpg.rf.14ef5f7aeadab5443e33b2be12223205.jpg, 1, 0, 0, 1, 1
ppe_0476_jpg.rf.1734924e948444cbc7e7b73daf898409.jpg, 1, 0, 0, 1, 1
ppe_0932_jpg.rf.17eab1134af2baebb3bad98e8fa34eef.jpg, 1, 0, 0, 1, 0
ppe_0653_jpg.rf.16724ae5e3bbab6d1414f993ba9ef15c.jpg, 1, 0, 0, 0, 0
ppe_1200_jpg.rf.1920077927ac496e64da6c524728bb92.jpg, 1, 0, 1, 1, 0
ppe_1302_jpg.rf.1b5de675c5e6af2f563366ce63b6afeb.jpg, 0, 1, 0, 1, 1
ppe_0786_jpg.rf.15940ce2d9469764379344e094b0c918.jpg, 1, 0, 0, 1, 1
ppe_1267_jpg.rf.18f9a1303d80f9ce1455ee6a201cf5ec.jpg, 1, 0, 1, 1, 0
ppe_0457_jpg.rf.143c7ce0d11082eb9791bde57e4261d8.jpg, 1, 0, 0, 1, 1
ppe_0968_jpg.rf.19b19e86e32079c097d66f9942669b20.jpg, 0, 0, 0, 1, 0
ppe_0671_jpg.rf.1970acccc2fa2ae34493242007d0ecae.jpg, 0, 0, 0, 1, 0
ppe_1064_jpg.rf.1a91bb2b5153c2aa78816eacf6e65441.jpg, 1, 0, 0, 0, 0
ppe_0044_jpg.rf.1bc8927eda6559e366174a7328e72c69.jpg, 1, 0, 1, 1, 1
ppe_0663_jpg.rf.181928890dde7b39ed33f8b58d05ec44.jpg, 1, 0, 0, 1, 0
ppe_0093_jpg.rf.1a53c61cfc303c9fad2d235456a62a81.jpg, 1, 0, 1, 1, 0
ppe_0824_jpg.rf.1c6e867c35762f2f4c72f86f30737942.jpg, 0, 0, 0, 1, 1
ppe_0064_jpg.rf.19ae591c338dfc2d6d4369bf26edf06d.jpg, 1, 0, 0, 1, 1
ppe_0929_jpg.rf.1cb385787359d3f0a365d983e8be467b.jpg, 1, 0, 0, 1, 1
ppe_0942_jpg.rf.1d7bcb910b92c54e98e7963b5561482f.jpg, 1, 0, 0, 1, 1
ppe_0437_jpg.rf.1e0641d5858fd1c376377732f12496e8.jpg, 1, 0, 0, 1, 1
ppe_0749_jpg.rf.1c10f43b31b26864fd09d2a19ae6143e.jpg, 1, 0, 0, 1, 0
ppe_0407_jpg.rf.1d62b4da387719fee22982c709079d88.jpg, 1, 0, 0, 1, 1
ppe_0212_jpg.rf.20cda4c72f95535a9158122b948aeea7.jpg, 1, 0, 1, 1, 0
ppe_0277_jpg.rf.1cb7865948524e9e24b409e99f52fe2c.jpg, 1, 0, 1, 1, 0
ppe_0425_jpg.rf.2010e2a1649eab69b5a19c051b656aa4.jpg, 1, 0, 0, 1, 1
ppe_0229_jpg.rf.1c237a1dc282a29edc961074afa532e0.jpg, 1, 0, 0, 1, 1
ppe_1219_jpg.rf.2081029d09810c0f2eab928688718f10.jpg, 1, 0, 0, 1, 1
ppe_1211_jpg.rf.1e412739ee6ef3b0546c835d2e9480d5.jpg, 1, 0, 0, 1, 1
ppe_0412_jpg.rf.1ea2a994e19e6be29b9ac1116a5b8aaa.jpg, 1, 0, 0, 1, 1
ppe_0130_jpg.rf.1e958d8ad6d8f22c9873f2e1fe3d58af.jpg, 1, 1, 1, 1, 0
ppe_0957_jpg.rf.20fd9c2d63b8e606eca99697c8be6e1d.jpg, 1, 0, 1, 1, 0
ppe_0194_jpg.rf.1bca754b03d2c9ddaa68b5c04ca8b524.jpg, 1, 0, 0, 1, 1
ppe_0304_jpg.rf.1e5186f1c7d32ce2de78e3506c35684a.jpg, 1, 0, 1, 1, 0
ppe_0908_jpg.rf.20ba0d1ca3208f1cfae4fba5f014cdc4.jpg, 1, 0, 0, 1, 1
ppe_0018_jpg.rf.21cafe92f0d5b38f5ac1da18164c6e82.jpg, 1, 0, 1, 1, 0
ppe_0992_jpg.rf.22146d5b522f1926bead36b24796e791.jpg, 1, 0, 0, 1, 1
ppe_1225_jpg.rf.215ea07d7a3be98b87d2b37da4fa80b1.jpg, 1, 0, 1, 1, 0
ppe_1159_jpg.rf.22475ecd071698bf44fb6e8204fe6d52.jpg, 1, 0, 1, 1, 0
ppe_1234_jpg.rf.1ead41c2d68debef3fb9a35126853f53.jpg, 1, 0, 1, 1, 0
ppe_0917_jpg.rf.223fe1e558673e7e86caa2e834008a9b.jpg, 1, 0, 0, 1, 1
ppe_1212_jpg.rf.219ca6a1a3c3d947044e6a3331730b81.jpg, 1, 1, 1, 1, 1
ppe_1021_jpg.rf.1dd307b4164ebddbe3ddb8810537af08.jpg, 1, 0, 0, 1, 1
ppe_1025_jpg.rf.217f72892fa08b1193bda69a124efff1.jpg, 1, 0, 1, 1, 0
ppe_0570_jpg.rf.221562ed8f060c869e7d83c35b606ba8.jpg, 1, 0, 0, 1, 1
ppe_1295_jpg.rf.20dff57aabe3d5e57b601dd5df3ca3b9.jpg, 1, 0, 1, 1, 0
ppe_0697_jpg.rf.2568e140c58d9e3ff1b22fd6b6cbb76b.jpg, 1, 0, 1, 1, 0
ppe_0191_jpg.rf.26a4754b1e9db7e8daa9df80a59f5ee8.jpg, 1, 1, 0, 1, 1
ppe_0972_jpg.rf.269f15a3a587b1ccaf3003e9cb02fc55.jpg, 1, 0, 1, 1, 1
ppe_0822_jpg.rf.25c203f3ea7384776934e362b3cb561b.jpg, 1, 0, 1, 1, 1
ppe_1099_jpg.rf.2413f9f840a365ec51dd5ae8a0d30b37.jpg, 1, 0, 1, 1, 1
ppe_0272_jpg.rf.27d0d4e5eb18a9d7c8127c6c9f4283f0.jpg, 0, 0, 0, 1, 0
ppe_0800_jpg.rf.26cee9fd3a56404bef32d9e75b800371.jpg, 1, 0, 0, 1, 1
ppe_0290_jpg.rf.238ac985575f69fa12a807d4059b0683.jpg, 1, 0, 1, 1, 0
ppe_1182_jpg.rf.27ffdcd01eb71a1a749530a8aef35fec.jpg, 1, 0, 0, 1, 0
ppe_0075_jpg.rf.27dcaaeb0734b24a00ea73d2e9dc7c97.jpg, 1, 0, 0, 1, 1
ppe_0983_jpg.rf.2096ab2420d43530f984c601ee58d399.jpg, 1, 0, 0, 1, 1
ppe_1119_jpg.rf.25537529792dd044f100f156a0ad5e57.jpg, 1, 0, 0, 1, 0
ppe_0903_jpg.rf.261b3ae1fba5d321079427961b1294a2.jpg, 1, 0, 0, 1, 1
ppe_0095_jpg.rf.26f3fc5ac1d79842247e4688243513ab.jpg, 1, 0, 0, 1, 1
ppe_0081_jpg.rf.284aad3321c0c70175446ba9c5b16657.jpg, 1, 0, 0, 1, 1
ppe_0404_jpg.rf.2834a9b7666d39502c222e7afec42096.jpg, 1, 0, 0, 1, 1
ppe_0546_jpg.rf.244b77b04fca7ec4225af060ee5f4090.jpg, 1, 0, 0, 1, 0
ppe_1173_jpg.rf.285c4d320f123e89b538fe964e62e072.jpg, 1, 1, 1, 1, 0
ppe_1254_jpg.rf.282ac00e48da62e10ad24275f0f738d3.jpg, 1, 0, 1, 1, 0
ppe_1156_jpg.rf.26b50179941da5e247ece5fe068b5f5c.jpg, 1, 0, 0, 1, 1
ppe_0195_jpg.rf.28ff5396ed1c57f9b4fc6442a51c356a.jpg, 1, 0, 1, 1, 0
ppe_0450_jpg.rf.2a95ff35da8abc454e3e93b53b375643.jpg, 1, 0, 0, 1, 1
ppe_1262_jpg.rf.282787b687bee1fb697908caca25587b.jpg, 1, 0, 1, 1, 0
ppe_1180_jpg.rf.289571ce781936cd0d9b580be8c9146b.jpg, 1, 0, 1, 1, 1
ppe_1116_jpg.rf.2975930357ecb06054706b018597f742.jpg, 0, 0, 0, 1, 1
ppe_0456_jpg.rf.296166b8e5f724ebd6e5c7ff6868fe98.jpg, 0, 0, 0, 1, 1
ppe_0727_jpg.rf.294040375b64666cbba05908b4118abf.jpg, 1, 0, 0, 1, 1
ppe_1278_jpg.rf.2ab40d99a1c2c5a4f1f2bbeed6c8f9b7.jpg, 1, 0, 1, 1, 0
ppe_1089_jpg.rf.29fadf7ce93b4f4d71a85d70474b4ec7.jpg, 1, 0, 1, 1, 0
ppe_0160_jpg.rf.22c02d645292d2e161deb685408d754b.jpg, 1, 0, 0, 1, 1
ppe_0047_jpg.rf.2b70c01bc4e188941996e8770543dbbe.jpg, 1, 0, 1, 1, 0
ppe_0834_jpg.rf.29336a6775f5907dda6084c5d5baf81b.jpg, 1, 0, 0, 1, 1